Close-tbill,Close-msft,Close-sp500,Close-ge,Close-ford,Date
3.06,2.52,469.1,6.72,8.16,1-Nov-93
3.12,2.5,468.44,6.69,8.31,2-Nov-93
3.08,2.45,463.02,6.64,8.24,3-Nov-93
3.07,2.38,457.49,6.46,7.98,4-Nov-93
3.07,2.45,459.57,6.49,7.94,5-Nov-93
3.06,2.45,460.21,6.46,8.02,8-Nov-93
3.11,2.44,460.33,6.51,7.94,9-Nov-93
3.11,2.53,463.72,6.52,8.05,10-Nov-93
3.11,2.55,465.39,6.47,8.07,12-Nov-93
3.11,2.51,463.75,6.5,8.1,15-Nov-93
3.09,2.56,466.74,6.65,8.1,16-Nov-93
3.09,2.52,464.81,6.66,8.07,17-Nov-93
3.1,2.5,463.62,6.72,8.15,18-Nov-93
3.11,2.5,462.6,6.77,8.05,19-Nov-93
3.12,2.4,459.13,6.77,7.77,22-Nov-93
3.11,2.41,461.03,6.79,7.77,23-Nov-93
3.11,2.45,462.36,6.74,7.95,24-Nov-93
3.1,2.46,463.06,6.79,7.98,26-Nov-93
3.11,2.48,461.9,6.75,8.05,29-Nov-93
3.14,2.49,461.79,6.78,7.92,30-Nov-93
3.11,2.54,461.89,6.8,8.16,1-Dec-93
3.11,2.58,463.11,6.89,8.11,2-Dec-93
3.11,2.67,464.89,6.9,8.23,3-Dec-93
3.09,2.64,466.43,6.92,8.2,6-Dec-93
3.08,2.66,466.76,6.88,8.26,7-Dec-93
3.08,2.6,466.29,6.92,8.24,8-Dec-93
3.05,2.53,464.18,6.96,8.28,9-Dec-93
3.05,2.55,463.93,7,8.39,10-Dec-93
3.04,2.53,465.7,6.96,8.44,13-Dec-93
3.04,2.49,463.06,7.06,8.28,14-Dec-93
3.03,2.48,461.84,7.12,8.2,15-Dec-93
3.02,2.49,463.34,7.13,8.15,16-Dec-93
3.03,2.51,466.38,7.25,8.16,17-Dec-93
3.05,2.55,465.85,7.19,8.18,20-Dec-93
3.07,2.57,465.3,7.26,8.44,21-Dec-93
3.05,2.53,467.32,7.26,8.55,22-Dec-93
3.05,2.52,467.38,7.31,8.46,23-Dec-93
3.06,2.51,470.54,7.41,8.41,27-Dec-93
3.06,2.58,470.94,7.39,8.44,28-Dec-93
3,2.54,470.58,7.39,8.44,29-Dec-93
2.98,2.53,468.64,7.35,8.44,30-Dec-93
3,2.51,466.45,7.28,8.41,31-Dec-93
3.03,2.5,465.44,7.22,8.26,3-Jan-94
3.08,2.51,466.89,7.19,8.33,4-Jan-94
3.07,2.56,467.55,7.15,8.31,5-Jan-94
3.05,2.64,467.12,7.21,8.29,6-Jan-94
3.01,2.66,469.9,7.24,8.42,7-Jan-94
2.99,2.67,475.27,7.28,8.77,10-Jan-94
2.97,2.66,474.13,7.33,8.9,11-Jan-94
2.95,2.66,474.17,7.36,8.8,12-Jan-94
2.95,2.66,472.47,7.3,8.85,13-Jan-94
2.97,2.67,474.91,7.41,8.9,14-Jan-94
2.96,2.64,474.25,7.52,8.94,18-Jan-94
2.97,2.59,474.3,7.55,8.8,19-Jan-94
2.94,2.69,474.98,7.53,8.75,20-Jan-94
2.95,2.69,474.72,7.49,8.8,21-Jan-94
2.94,2.66,471.97,7.48,8.6,24-Jan-94
2.93,2.65,470.92,7.43,8.54,25-Jan-94
2.92,2.62,473.2,7.39,8.51,26-Jan-94
2.92,2.62,477.05,7.51,8.75,27-Jan-94
2.94,2.64,478.7,7.49,8.56,28-Jan-94
2.97,2.65,481.61,7.48,8.79,31-Jan-94
3.03,2.65,479.62,7.42,8.75,1-Feb-94
3.06,2.62,482,7.57,8.88,2-Feb-94
3.14,2.63,480.71,7.62,9.1,3-Feb-94
3.23,2.53,469.81,7.39,8.92,4-Feb-94
3.22,2.52,471.76,7.51,9.03,7-Feb-94
3.25,2.45,471.05,7.44,9.11,8-Feb-94
3.25,2.48,472.77,7.51,8.98,9-Feb-94
3.26,2.47,468.93,7.39,8.65,10-Feb-94
3.25,2.45,470.18,7.44,8.59,11-Feb-94
3.25,2.46,470.23,7.5,8.62,14-Feb-94
3.27,2.48,472.52,7.56,8.69,15-Feb-94
3.27,2.45,472.79,7.55,8.52,16-Feb-94
3.27,2.45,470.34,7.57,8.47,17-Feb-94
3.28,2.49,467.69,7.49,8.46,18-Feb-94
3.29,2.48,471.46,7.49,8.46,22-Feb-94
3.37,2.52,470.69,7.45,8.42,23-Feb-94
3.36,2.49,464.26,7.31,8.2,24-Feb-94
3.37,2.52,466.07,7.29,8.06,25-Feb-94
3.36,2.57,467.14,7.31,8.15,28-Feb-94
3.49,2.59,464.44,7.33,8.16,1-Mar-94
3.47,2.58,464.81,7.39,8.38,2-Mar-94
3.48,2.52,463.01,7.34,8.34,3-Mar-94
3.53,2.52,464.74,7.33,8.54,4-Mar-94
3.52,2.53,466.91,7.39,8.44,7-Mar-94
3.54,2.52,465.88,7.34,8.36,8-Mar-94
3.53,2.52,467.06,7.36,8.57,9-Mar-94
3.49,2.52,463.9,7.3,8.52,10-Mar-94
3.49,2.55,466.44,7.35,8.59,11-Mar-94
3.52,2.61,467.39,7.35,8.44,14-Mar-94
3.57,2.64,467.01,7.33,8.28,15-Mar-94
3.53,2.64,469.42,7.25,8.34,16-Mar-94
3.47,2.63,470.9,7.2,8.18,17-Mar-94
3.47,2.64,471.06,7.3,8.06,18-Mar-94
3.51,2.59,468.54,7.27,8.02,21-Mar-94
3.54,2.64,468.8,7.21,8.08,22-Mar-94
3.45,2.69,468.54,7.26,8.31,23-Mar-94
3.45,2.72,464.35,7.24,8.05,24-Mar-94
3.48,2.73,460.58,7.14,7.9,25-Mar-94
3.5,2.69,460,7.23,7.88,28-Mar-94
3.51,2.57,452.48,7.14,7.77,29-Mar-94
3.49,2.6,445.55,6.9,7.64,30-Mar-94
3.47,2.64,445.77,6.99,7.7,31-Mar-94
3.65,2.63,438.92,6.85,7.7,4-Apr-94
3.66,2.73,448.29,6.91,7.98,5-Apr-94
3.6,2.77,448.05,6.82,7.98,6-Apr-94
3.53,2.8,450.88,6.86,7.95,7-Apr-94
3.55,2.71,447.1,6.8,7.65,8-Apr-94
3.54,2.71,449.87,6.87,7.61,11-Apr-94
3.56,2.64,447.57,6.93,7.54,12-Apr-94
3.56,2.64,446.26,6.91,7.49,13-Apr-94
3.58,2.62,446.38,6.81,7.67,14-Apr-94
3.59,2.64,446.18,6.76,7.64,15-Apr-94
3.69,2.59,442.46,6.63,7.59,18-Apr-94
3.74,2.74,442.54,6.67,7.39,19-Apr-94
3.74,2.79,441.96,6.67,7.13,20-Apr-94
3.74,2.85,448.73,6.73,7.29,21-Apr-94
3.74,2.86,447.63,6.71,7.29,22-Apr-94
3.76,2.92,452.71,6.76,7.59,25-Apr-94
3.88,2.96,451.87,6.71,7.65,26-Apr-94
3.88,2.87,449.1,6.75,7.6,28-Apr-94
3.86,2.88,450.91,6.66,7.71,29-Apr-94
3.91,2.97,453.02,6.7,8.05,2-May-94
4.04,2.91,453.03,6.73,8.06,3-May-94
4.04,2.96,451.72,6.84,7.93,4-May-94
4.02,2.94,451.38,6.83,7.8,5-May-94
4.16,2.88,447.82,6.75,7.66,6-May-94
4.24,2.87,442.32,6.63,7.65,9-May-94
4.24,2.93,446.01,6.64,7.83,10-May-94
4.22,2.91,441.49,6.52,7.65,11-May-94
4.12,2.94,443.75,6.55,7.63,12-May-94
4.11,3.01,444.14,6.66,7.66,13-May-94
4.15,2.96,444.49,6.62,7.63,16-May-94
4.19,2.95,449.37,6.66,7.85,17-May-94
4.19,3.02,453.69,6.69,7.78,18-May-94
4.13,3.06,456.48,6.74,7.81,19-May-94
4.14,3.04,454.92,6.66,7.9,20-May-94
4.16,3.15,453.2,6.57,7.83,23-May-94
4.21,3.19,454.81,6.64,7.73,24-May-94
4.18,3.27,456.34,6.64,7.73,25-May-94
4.15,3.24,457.06,6.78,7.63,26-May-94
4.17,3.26,457.33,6.85,7.66,27-May-94
4.17,3.35,456.5,6.95,7.63,31-May-94
4.18,3.3,457.63,7.01,7.73,1-Jun-94
4.13,3.26,457.65,6.99,7.57,2-Jun-94
4.11,3.29,460.13,6.9,7.52,3-Jun-94
4.09,3.4,458.88,6.81,7.38,6-Jun-94
4.13,3.34,458.21,6.81,7.4,7-Jun-94
4.11,3.24,457.06,6.73,7.35,8-Jun-94
4.11,3.26,457.86,6.76,7.43,9-Jun-94
4.11,3.27,458.67,6.67,7.55,10-Jun-94
4.11,3.29,459.1,6.74,7.78,13-Jun-94
4.1,3.34,462.37,6.71,8.08,14-Jun-94
4.12,3.38,460.61,6.64,8.01,15-Jun-94
4.11,3.34,461.93,6.71,8.01,16-Jun-94
4.11,3.3,458.45,6.67,7.91,17-Jun-94
4.11,3.33,455.48,6.62,7.8,20-Jun-94
4.18,3.28,451.34,6.45,7.7,21-Jun-94
4.18,3.21,453.09,6.39,7.7,22-Jun-94
4.15,3.12,449.63,6.46,7.58,23-Jun-94
4.16,3.08,442.8,6.46,7.63,24-Jun-94
4.14,3.23,447.31,6.62,7.9,27-Jun-94
4.18,3.2,446.07,6.65,7.81,28-Jun-94
4.13,3.2,447.63,6.71,7.85,29-Jun-94
4.14,3.22,444.27,6.57,7.8,30-Jun-94
4.19,3.13,446.2,6.53,7.8,1-Jul-94
4.2,3.06,446.37,6.62,7.65,5-Jul-94
4.29,3.01,446.13,6.65,7.63,6-Jul-94
4.24,3.14,448.38,6.67,7.89,7-Jul-94
4.37,3.08,449.55,6.67,8.09,8-Jul-94
4.42,3.01,448.06,6.65,8.03,11-Jul-94
4.45,2.99,447.95,6.6,8.26,12-Jul-94
4.41,3.08,448.73,6.6,8.52,13-Jul-94
4.3,3.04,453.41,6.71,8.36,14-Jul-94
4.26,3.03,454.16,6.74,8.36,15-Jul-94
4.23,3.15,455.22,6.74,8.42,18-Jul-94
4.25,3.12,453.86,6.88,8.29,19-Jul-94
4.31,3.01,451.6,6.86,8.42,20-Jul-94
4.33,2.97,452.61,6.83,8.19,21-Jul-94
4.37,3.15,453.11,6.99,8.23,22-Jul-94
4.38,3.19,454.25,7.02,8.29,25-Jul-94
4.41,3.14,453.36,6.92,8.36,26-Jul-94
4.45,3.08,452.57,6.86,8.08,27-Jul-94
4.41,3.08,454.24,6.97,8.25,28-Jul-94
4.27,3.21,458.26,7.09,8.48,29-Jul-94
4.28,3.33,461.01,7.08,8.48,1-Aug-94
4.32,3.29,460.56,7.04,8.39,2-Aug-94
4.34,3.33,461.45,6.99,8.39,3-Aug-94
4.32,3.29,458.4,6.83,7.85,4-Aug-94
4.46,3.27,457.09,6.9,7.92,5-Aug-94
4.45,3.3,457.89,6.97,8.02,8-Aug-94
4.45,3.33,457.92,6.88,8.02,9-Aug-94
4.35,3.37,460.3,6.79,8.05,10-Aug-94
4.34,3.44,458.88,6.71,7.92,11-Aug-94
4.36,3.44,461.94,6.78,7.88,12-Aug-94
4.45,3.39,461.23,6.86,7.88,15-Aug-94
4.62,3.42,465.01,6.83,8.12,16-Aug-94
4.56,3.48,465.17,6.74,8.15,17-Aug-94
4.58,3.46,463.17,6.64,7.85,18-Aug-94
4.55,3.42,463.68,6.74,7.92,19-Aug-94
4.54,3.4,462.32,6.72,7.85,22-Aug-94
4.57,3.46,464.51,6.86,7.88,23-Aug-94
4.53,3.47,469.03,6.94,8.15,24-Aug-94
4.55,3.5,468.08,6.99,7.95,25-Aug-94
4.54,3.54,473.8,7.15,8.12,26-Aug-94
4.56,3.55,474.59,7.08,8.12,29-Aug-94
4.59,3.64,476.07,7.04,8.15,30-Aug-94
4.56,3.62,475.49,7.01,7.79,31-Aug-94
4.54,3.5,473.17,7.08,7.99,1-Sep-94
4.56,3.49,470.99,7.04,7.88,2-Sep-94
4.55,3.49,471.86,6.95,7.99,6-Sep-94
4.54,3.54,470.99,6.9,7.88,7-Sep-94
4.54,3.61,473.14,6.92,7.85,8-Sep-94
4.57,3.54,468.18,6.92,7.79,9-Sep-94
4.58,3.5,466.21,6.92,7.72,12-Sep-94
4.6,3.59,467.51,6.97,7.65,13-Sep-94
4.58,3.59,468.8,7.08,7.75,14-Sep-94
4.58,3.63,474.81,7.23,7.69,15-Sep-94
4.62,3.54,471.19,7.18,7.62,16-Sep-94
4.58,3.54,470.85,7.11,7.45,19-Sep-94
4.61,3.49,463.36,6.97,7.39,20-Sep-94
4.81,3.57,461.46,6.97,7.32,21-Sep-94
4.78,3.55,461.27,6.92,7.19,22-Sep-94
4.78,3.49,459.67,6.86,7.09,23-Sep-94
4.77,3.46,460.82,6.99,7.09,26-Sep-94
4.73,3.52,462.05,6.92,7.42,27-Sep-94
4.52,3.55,464.84,6.92,7.45,28-Sep-94
4.56,3.52,462.24,6.92,7.32,29-Sep-94
4.67,3.5,462.71,6.83,7.39,30-Sep-94
4.72,3.48,461.74,6.76,7.32,3-Oct-94
4.94,3.43,454.59,6.67,7.22,4-Oct-94
4.96,3.46,453.52,6.72,7.35,5-Oct-94
4.95,3.4,452.36,6.67,7.25,6-Oct-94
4.87,3.39,455.1,6.63,7.25,7-Oct-94
4.86,3.48,465.79,6.86,7.82,11-Oct-94
4.98,3.5,465.47,7.11,7.72,12-Oct-94
4.9,3.57,467.79,7.09,7.69,13-Oct-94
4.85,3.49,469.1,7.15,7.82,14-Oct-94
4.85,3.43,468.96,7.15,7.75,17-Oct-94
4.89,3.53,467.66,7.08,7.72,18-Oct-94
4.91,3.59,470.28,7.13,7.82,19-Oct-94
5,3.71,466.85,6.95,7.65,20-Oct-94
5,3.7,464.89,6.72,7.69,21-Oct-94
5.02,3.67,460.83,6.79,7.62,24-Oct-94
5.05,3.72,461.53,6.77,7.79,25-Oct-94
5,3.8,462.62,6.79,7.86,26-Oct-94
4.97,3.84,465.85,6.83,7.79,27-Oct-94
5.01,3.87,473.77,7.01,7.96,28-Oct-94
5.02,3.92,472.35,6.93,7.92,31-Oct-94
5.08,3.91,468.42,6.88,7.79,1-Nov-94
5.08,3.92,466.51,6.84,7.82,2-Nov-94
5.09,3.9,467.91,6.88,7.96,3-Nov-94
5.17,3.83,462.28,6.81,7.75,4-Nov-94
5.22,3.86,463.07,6.84,7.82,7-Nov-94
5.23,3.96,465.65,6.97,7.72,8-Nov-94
5.18,3.97,465.4,6.92,7.62,9-Nov-94
5.22,3.97,464.37,6.92,7.69,10-Nov-94
5.23,3.88,462.35,6.92,7.65,11-Nov-94
5.29,4.02,466.04,6.92,7.79,14-Nov-94
5.36,4.02,465.03,6.92,7.72,15-Nov-94
5.37,4.03,465.62,6.99,7.72,16-Nov-94
5.35,4,463.57,6.92,7.62,17-Nov-94
5.34,3.99,461.47,6.92,7.49,18-Nov-94
5.34,3.96,458.3,6.72,7.49,21-Nov-94
5.34,3.86,450.09,6.6,7.22,22-Nov-94
5.29,3.83,449.93,6.56,7.32,23-Nov-94
5.28,3.88,452.29,6.56,7.39,25-Nov-94
5.37,3.95,454.16,6.7,7.22,28-Nov-94
5.52,3.99,455.17,6.61,7.25,29-Nov-94
5.55,3.92,453.69,6.53,7.28,30-Nov-94
5.55,3.9,448.92,6.47,7.25,1-Dec-94
5.62,3.94,453.3,6.69,7.32,2-Dec-94
5.79,3.94,453.32,6.65,7.42,5-Dec-94
5.78,3.95,453.11,6.6,7.35,6-Dec-94
5.7,3.92,451.23,6.72,7.22,7-Dec-94
5.67,3.89,445.45,6.54,7.08,8-Dec-94
5.65,3.93,446.96,6.65,6.98,9-Dec-94
5.72,3.93,449.47,6.72,6.92,12-Dec-94
5.78,3.91,450.15,6.79,7.02,13-Dec-94
5.66,3.94,454.97,6.92,7.05,14-Dec-94
5.53,3.96,455.34,6.95,7.02,15-Dec-94
5.54,3.95,458.8,7.13,7.08,16-Dec-94
5.55,3.9,457.91,7.09,7.05,19-Dec-94
5.47,3.73,457.1,7.06,7.05,20-Dec-94
5.41,3.83,459.61,7.08,7.15,21-Dec-94
5.45,3.78,459.68,7.16,7.18,22-Dec-94
5.52,3.79,459.83,7.12,7.25,23-Dec-94
5.52,3.78,462.47,7.33,7.45,27-Dec-94
5.51,3.8,460.86,7.31,7.32,28-Dec-94
5.5,3.85,461.17,7.38,7.49,29-Dec-94
5.53,3.81,459.27,7.29,7.49,30-Dec-94
5.52,3.75,459.11,7.29,7.49,3-Jan-95
5.69,3.78,460.71,7.29,7.69,4-Jan-95
5.71,3.71,460.34,7.31,7.62,5-Jan-95
5.74,3.78,460.68,7.28,7.62,6-Jan-95
5.75,3.75,460.83,7.21,7.75,9-Jan-95
5.74,3.8,461.68,7.26,7.62,10-Jan-95
5.65,3.82,461.66,7.37,7.62,11-Jan-95
5.61,3.82,461.64,7.35,7.55,12-Jan-95
5.56,3.91,465.97,7.44,7.69,13-Jan-95
5.56,3.99,469.38,7.53,7.79,16-Jan-95
5.61,4.03,470.05,7.44,7.72,17-Jan-95
5.72,4.05,469.71,7.47,7.59,18-Jan-95
5.71,3.96,466.95,7.29,7.39,19-Jan-95
5.74,3.84,464.78,7.29,7.08,20-Jan-95
5.75,3.91,465.82,7.19,7.05,23-Jan-95
5.8,3.86,465.86,7.21,6.99,24-Jan-95
5.77,3.85,467.44,7.26,7.09,25-Jan-95
5.76,3.73,468.32,7.29,6.88,26-Jan-95
5.75,3.73,470.39,7.22,6.88,27-Jan-95
5.72,3.68,468.51,7.31,6.71,30-Jan-95
5.84,3.7,470.42,7.37,6.85,31-Jan-95
5.88,3.68,470.4,7.31,6.81,1-Feb-95
5.84,3.68,472.79,7.33,6.95,2-Feb-95
5.79,3.75,478.65,7.46,6.99,3-Feb-95
5.79,3.79,481.14,7.44,6.95,6-Feb-95
5.8,3.8,480.81,7.44,6.88,7-Feb-95
5.76,3.86,481.19,7.44,6.92,8-Feb-95
5.77,3.86,480.19,7.47,6.85,9-Feb-95
5.8,3.86,481.46,7.46,7.02,10-Feb-95
5.78,3.86,481.65,7.53,6.99,13-Feb-95
5.79,3.86,482.55,7.53,7.09,14-Feb-95
5.76,3.78,484.54,7.67,7.09,15-Feb-95
5.68,3.79,485.22,7.74,7.11,16-Feb-95
5.69,3.76,481.97,7.67,7.12,17-Feb-95
5.73,3.72,482.72,7.71,7.12,21-Feb-95
5.68,3.83,485.07,7.88,7.22,22-Feb-95
5.7,3.84,486.91,7.92,7.22,23-Feb-95
5.72,3.82,488.11,7.83,7.26,24-Feb-95
5.72,3.85,483.81,7.67,7.05,27-Feb-95
5.75,3.92,487.39,7.83,7.09,28-Feb-95
5.75,3.94,485.65,7.8,6.95,1-Mar-95
5.74,3.97,485.13,7.66,6.88,2-Mar-95
5.71,3.96,485.42,7.64,6.95,3-Mar-95
5.74,4.01,485.63,7.6,6.92,6-Mar-95
5.78,4.07,482.12,7.58,6.92,7-Mar-95
5.77,4.27,483.14,7.67,6.88,8-Mar-95
5.73,4.23,483.16,7.67,6.99,9-Mar-95
5.76,4.27,489.57,7.89,7.22,10-Mar-95
5.74,4.3,490.05,7.87,7.29,13-Mar-95
5.74,4.47,492.89,7.93,7.12,14-Mar-95
5.74,4.39,491.88,7.75,7.09,15-Mar-95
5.73,4.37,495.41,7.91,7.05,16-Mar-95
5.73,4.36,495.52,7.82,6.99,17-Mar-95
5.72,4.43,496.14,7.8,6.88,20-Mar-95
5.73,4.39,495.07,7.84,6.88,21-Mar-95
5.72,4.42,495.67,7.87,6.81,22-Mar-95
5.69,4.53,495.95,7.85,6.81,23-Mar-95
5.66,4.6,500.97,7.93,6.92,24-Mar-95
5.66,4.55,503.2,7.87,7.05,27-Mar-95
5.69,4.59,503.9,7.91,7.05,28-Mar-95
5.66,4.5,503.12,7.93,7.22,29-Mar-95
5.68,4.49,502.22,7.89,7.53,30-Mar-95
5.7,4.43,500.71,7.78,7.29,31-Mar-95
5.69,4.36,501.85,7.87,7.36,3-Apr-95
5.72,4.35,505.24,7.91,7.22,4-Apr-95
5.69,4.4,505.57,7.91,7.19,5-Apr-95
5.65,4.36,506.08,7.96,7.36,6-Apr-95
5.67,4.34,506.42,7.91,7.32,7-Apr-95
5.65,4.42,507.01,7.93,7.29,10-Apr-95
5.65,4.49,505.53,7.89,7.26,11-Apr-95
5.64,4.46,507.17,7.89,7.49,12-Apr-95
5.59,4.52,509.23,7.93,7.39,13-Apr-95
5.6,4.82,506.13,7.76,7.32,17-Apr-95
5.6,4.78,505.37,7.78,7.36,18-Apr-95
5.6,4.74,504.92,7.89,7.53,19-Apr-95
5.59,4.69,505.29,7.78,7.42,20-Apr-95
5.61,4.67,508.49,7.93,7.32,21-Apr-95
5.62,4.84,512.89,8,7.39,24-Apr-95
5.66,4.98,512.1,8.03,7.46,25-Apr-95
5.67,4.96,512.66,8.05,7.41,26-Apr-95
5.68,4.9,513.55,8.12,7.37,27-Apr-95
5.69,5.09,514.71,8.07,7.44,28-Apr-95
5.7,5.12,514.26,8.12,7.41,1-May-95
5.69,4.96,514.86,8.11,7.3,2-May-95
5.65,5.04,520.48,8.16,7.27,3-May-95
5.58,5.08,520.54,8.23,7.13,4-May-95
5.56,4.98,520.12,8.27,7.27,5-May-95
5.57,4.98,523.96,8.43,7.34,8-May-95
5.62,4.97,523.56,8.45,7.44,9-May-95
5.63,4.94,524.36,8.52,7.78,10-May-95
5.66,5.07,524.37,8.41,7.54,11-May-95
5.69,5.03,525.55,8.5,7.82,12-May-95
5.69,5.07,527.74,8.3,8.06,15-May-95
5.69,5.29,528.19,8.2,8.06,16-May-95
5.67,5.36,527.07,8.29,7.96,17-May-95
5.69,5.27,519.58,8.14,7.75,18-May-95
5.68,5.32,519.19,8.14,7.85,19-May-95
5.72,5.44,523.65,8.23,7.92,22-May-95
5.72,5.51,528.59,8.3,8.09,23-May-95
5.69,5.45,528.61,8.23,7.92,24-May-95
5.66,5.56,528.59,8.14,7.89,25-May-95
5.66,5.45,523.65,8.12,7.78,26-May-95
5.64,5.17,523.58,8.16,7.78,30-May-95
5.63,5.28,533.4,8.36,8.03,31-May-95
5.51,5.24,533.49,8.36,8.23,1-Jun-95
5.42,5.18,532.51,8.18,8.23,2-Jun-95
5.51,5.28,535.6,8.34,8.37,5-Jun-95
5.53,5.18,535.55,8.3,8.23,6-Jun-95
5.56,5.23,533.13,8.27,8.23,7-Jun-95
5.59,5.24,532.35,8.2,8.23,8-Jun-95
5.59,5.29,527.94,8.02,8.13,9-Jun-95
5.56,5.22,530.88,8.18,8.2,12-Jun-95
5.44,5.23,536.05,8.29,8.16,13-Jun-95
5.44,5.22,536.47,8.32,8.16,14-Jun-95
5.47,5.29,537.12,8.32,8.13,15-Jun-95
5.49,5.42,539.83,8.27,8.09,16-Jun-95
5.46,5.6,545.22,8.34,8.2,19-Jun-95
5.48,5.69,544.98,8.25,8.37,20-Jun-95
5.43,5.64,543.98,8.23,8.47,21-Jun-95
5.36,5.72,551.07,8.25,8.4,22-Jun-95
5.37,5.68,549.71,8.23,8.37,23-Jun-95
5.37,5.59,544.13,8.2,8.33,26-Jun-95
5.37,5.41,542.43,8.18,8.3,27-Jun-95
5.4,5.47,544.73,8.18,8.3,28-Jun-95
5.5,5.57,543.87,8.07,8.2,29-Jun-95
5.43,5.63,544.75,8.18,8.16,30-Jun-95
5.44,5.67,547.09,8.28,8.33,3-Jul-95
5.5,5.65,547.26,8.38,8.44,5-Jul-95
5.37,5.78,553.99,8.56,8.78,6-Jul-95
5.36,5.96,556.37,8.71,8.88,7-Jul-95
5.35,6.16,557.19,8.67,9.02,10-Jul-95
5.38,6.01,554.78,8.56,8.85,11-Jul-95
5.38,6.22,560.89,8.58,8.95,12-Jul-95
5.38,6.24,561,8.49,8.88,13-Jul-95
5.43,6.46,559.89,8.44,8.78,14-Jul-95
5.44,6.79,562.72,8.64,8.78,17-Jul-95
5.44,6.35,558.46,8.56,8.51,18-Jul-95
5.41,5.89,550.98,8.44,8.26,19-Jul-95
5.43,5.99,553.54,8.62,7.96,20-Jul-95
5.43,5.73,553.62,8.69,7.92,21-Jul-95
5.44,5.83,556.63,8.66,7.89,24-Jul-95
5.44,6,561.1,8.66,8.2,25-Jul-95
5.45,5.98,561.61,8.6,8.09,26-Jul-95
5.4,6.01,565.22,8.6,8.16,27-Jul-95
5.41,5.77,562.93,8.53,8.03,28-Jul-95
5.42,5.64,562.06,8.56,8.04,31-Jul-95
5.44,5.58,559.64,8.51,7.94,1-Aug-95
5.41,5.54,558.8,8.33,7.97,2-Aug-95
5.41,5.68,558.75,8.33,7.9,3-Aug-95
5.4,5.85,558.94,8.37,7.97,4-Aug-95
5.39,5.83,560.03,8.53,8.04,7-Aug-95
5.38,5.83,560.39,8.56,8.04,8-Aug-95
5.38,6.01,559.71,8.51,7.9,9-Aug-95
5.39,5.86,557.45,8.42,7.87,10-Aug-95
5.42,6.01,555.11,8.38,7.76,11-Aug-95
5.42,6.15,559.74,8.51,8.01,14-Aug-95
5.46,6.13,558.57,8.51,7.94,15-Aug-95
5.42,6.15,559.97,8.46,7.9,16-Aug-95
5.43,6.18,559.04,8.37,7.83,17-Aug-95
5.43,6.05,559.21,8.31,7.83,18-Aug-95
5.43,5.89,558.11,8.35,7.87,21-Aug-95
5.45,6.19,559.52,8.35,7.87,22-Aug-95
5.43,6.1,557.14,8.31,8.01,23-Aug-95
5.34,5.99,557.46,8.38,8.07,24-Aug-95
5.34,5.88,560.1,8.47,7.97,25-Aug-95
5.31,5.61,559.05,8.53,8.07,28-Aug-95
5.33,5.72,560,8.55,8.39,29-Aug-95
5.3,5.81,560.92,8.56,8.42,30-Aug-95
5.27,5.76,561.88,8.55,8.53,31-Aug-95
5.27,5.59,563.84,8.53,8.67,1-Sep-95
5.29,5.92,569.17,8.53,8.98,5-Sep-95
5.32,5.83,570.17,8.62,8.8,6-Sep-95
5.34,5.89,570.29,8.58,8.67,7-Sep-95
5.35,5.95,572.68,8.53,8.87,8-Sep-95
5.34,6.08,573.91,8.55,8.87,11-Sep-95
5.3,6,576.51,8.71,8.56,12-Sep-95
5.3,5.99,578.77,8.8,8.39,13-Sep-95
5.27,5.91,583.61,9.06,8.53,14-Sep-95
5.29,5.82,583.35,9.27,8.87,15-Sep-95
5.28,5.73,582.77,9.06,8.8,18-Sep-95
5.19,5.81,584.2,9,8.7,19-Sep-95
5.17,5.8,586.77,9,8.94,20-Sep-95
5.23,5.65,583,9.02,8.73,21-Sep-95
5.2,5.59,581.73,9.15,8.6,22-Sep-95
5.24,5.62,581.81,9.34,8.7,25-Sep-95
5.28,5.5,581.41,9.33,8.63,26-Sep-95
5.26,5.52,581.04,9.28,8.67,27-Sep-95
5.26,5.7,585.87,9.24,8.8,28-Sep-95
5.24,5.64,584.41,9.31,8.63,29-Sep-95
5.25,5.5,581.72,9.28,8.53,2-Oct-95
5.34,5.54,582.34,9.22,8.46,3-Oct-95
5.31,5.37,581.47,9.3,8.25,4-Oct-95
5.27,5.45,582.63,9.2,8.35,5-Oct-95
5.29,5.35,582.49,9.19,8.32,6-Oct-95
5.27,5.22,577.52,9.15,8.18,10-Oct-95
5.3,5.4,579.46,9.08,8.32,11-Oct-95
5.29,5.46,583.1,9.19,8.84,12-Oct-95
5.29,5.37,584.5,9.2,8.8,13-Oct-95
5.32,5.4,583.03,9.19,8.56,16-Oct-95
5.27,5.68,586.78,9.35,8.53,17-Oct-95
5.24,5.96,587.44,9.39,8.35,18-Oct-95
5.24,6.03,590.65,9.53,8.35,19-Oct-95
5.26,5.95,587.46,9.44,8.32,20-Oct-95
5.27,6,585.06,9.28,8.21,23-Oct-95
5.21,6.07,586.54,9.2,8.21,24-Oct-95
5.22,5.97,582.47,9.2,8.14,25-Oct-95
5.22,6.11,576.72,9.13,8.07,26-Oct-95
5.24,6.23,579.7,9.09,8.25,27-Oct-95
5.27,6.4,583.25,9.22,8.31,30-Oct-95
5.31,6.23,581.5,9.24,8.07,31-Oct-95
5.32,6.13,584.22,9.09,8,1-Nov-95
5.31,6.23,589.72,9.28,8.08,2-Nov-95
5.31,6.2,590.57,9.17,8.03,3-Nov-95
5.34,6.07,588.46,9.19,8.07,6-Nov-95
5.37,5.79,586.32,9.28,8.07,7-Nov-95
5.35,5.93,591.71,9.48,7.96,8-Nov-95
5.39,6.17,593.26,9.5,7.89,9-Nov-95
5.41,6.03,592.72,9.59,8,10-Nov-95
5.42,6,592.3,9.59,8,13-Nov-95
5.38,5.86,589.29,9.57,8.07,14-Nov-95
5.39,5.86,593.96,9.64,8.17,15-Nov-95
5.34,5.6,597.34,9.88,8.17,16-Nov-95
5.34,5.44,600.07,9.79,8.03,17-Nov-95
5.35,5.36,596.85,9.72,8.14,20-Nov-95
5.35,5.48,600.24,9.84,8.17,21-Nov-95
5.35,5.44,598.4,9.68,8.17,22-Nov-95
5.32,5.48,599.97,9.64,8.14,24-Nov-95
5.33,5.44,601.32,9.55,8.1,27-Nov-95
5.36,5.7,606.45,9.79,8.03,28-Nov-95
5.34,5.59,607.64,9.88,8.1,29-Nov-95
5.32,5.43,605.37,9.81,7.93,30-Nov-95
5.29,5.37,606.98,10.03,8.1,1-Dec-95
5.31,5.47,613.68,10.15,8.38,4-Dec-95
5.3,5.36,617.68,10.21,8.21,5-Dec-95
5.31,5.65,620.18,10.43,8.1,6-Dec-95
5.34,5.64,616.17,10.35,8.03,7-Dec-95
5.35,5.89,617.48,10.28,8.03,8-Dec-95
5.32,5.8,619.52,10.34,8.07,11-Dec-95
5.25,5.69,618.78,10.52,7.96,12-Dec-95
5.26,5.72,621.69,10.52,8.03,13-Dec-95
5.26,5.53,616.92,10.43,7.96,14-Dec-95
5.21,5.51,616.34,10.57,7.93,15-Dec-95
5.2,5.42,606.81,10.61,7.93,18-Dec-95
5.07,5.66,611.93,10.52,8.03,19-Dec-95
5,5.43,605.94,10.23,8.17,20-Dec-95
4.91,5.61,610.49,10.3,8.28,21-Dec-95
4.88,5.64,611.95,10.46,8.31,22-Dec-95
4.86,5.62,614.3,10.54,8.31,26-Dec-95
4.9,5.54,614.53,10.55,8.14,27-Dec-95
4.83,5.44,614.12,10.46,8.1,28-Dec-95
4.96,5.47,615.93,10.59,8.1,29-Dec-95
4.97,5.59,620.73,10.81,8.24,2-Jan-96
5.05,5.41,621.32,10.82,8.38,3-Jan-96
5.03,5.44,617.7,10.7,8.31,4-Jan-96
5.04,5.38,616.71,10.71,8.1,5-Jan-96
5.03,5.37,618.46,10.79,8.1,8-Jan-96
5.01,5,609.45,10.69,7.93,9-Jan-96
5.04,5.13,598.48,10.35,7.72,10-Jan-96
5.03,5.4,602.69,10.37,7.93,11-Jan-96
5.02,5.34,601.81,10.33,7.79,12-Jan-96
5,5.38,608.44,10.42,7.79,16-Jan-96
4.99,5.29,606.37,10.49,7.79,17-Jan-96
4.95,5.46,608.24,10.66,7.68,18-Jan-96
4.96,5.72,611.83,10.92,7.79,19-Jan-96
4.98,5.73,613.4,10.88,8.1,22-Jan-96
4.97,5.58,612.79,10.73,8.24,23-Jan-96
4.98,5.68,619.96,10.84,8.31,24-Jan-96
4.97,5.57,617.03,10.99,8.24,25-Jan-96
4.97,5.64,621.62,11.1,8.21,26-Jan-96
5,5.63,624.22,11.01,8.24,29-Jan-96
4.99,5.66,630.15,11.1,8.38,30-Jan-96
4.91,5.76,636.02,11.28,8.38,31-Jan-96
4.89,5.86,638.46,11.32,8.66,1-Feb-96
4.84,5.79,635.84,11.34,8.48,2-Feb-96
4.87,6.05,641.43,11.49,8.48,5-Feb-96
4.84,6.01,646.33,11.63,8.45,6-Feb-96
4.8,6.03,649.93,11.52,8.48,7-Feb-96
4.78,6.16,656.07,11.69,8.38,8-Feb-96
4.79,6.24,656.37,11.67,8.59,9-Feb-96
4.79,6.2,661.45,11.71,8.66,12-Feb-96
4.79,6.21,660.51,11.73,8.77,13-Feb-96
4.8,6.15,655.58,11.58,8.8,14-Feb-96
4.77,6.14,651.32,11.47,8.59,15-Feb-96
4.76,6.1,647.98,11.4,8.7,16-Feb-96
4.83,6.09,640.65,11.32,8.52,20-Feb-96
4.82,6.22,648.1,11.45,8.66,21-Feb-96
4.8,6.39,658.86,11.71,8.8,22-Feb-96
4.83,6.45,659.08,11.73,8.63,23-Feb-96
4.85,6.27,650.46,11.54,8.7,26-Feb-96
4.88,6.24,647.24,11.43,8.88,27-Feb-96
4.88,6.24,644.75,11.19,8.95,28-Feb-96
4.88,6.15,640.43,11.1,8.88,29-Feb-96
4.86,5.95,644.37,11.3,8.95,1-Mar-96
4.88,6,650.81,11.52,9.09,4-Mar-96
4.89,6.11,655.79,11.57,9.2,5-Mar-96
4.89,6.04,652,11.52,9.12,6-Mar-96
4.89,6.06,653.65,11.52,9.2,7-Mar-96
4.91,5.93,633.5,11.06,8.88,8-Mar-96
4.95,6.01,640.02,11.32,9.2,11-Mar-96
4.95,5.97,637.09,11.09,9.23,12-Mar-96
4.96,6.28,638.55,11.04,9.3,13-Mar-96
4.97,6.21,640.87,11.11,9.37,14-Mar-96
5,6.38,641.43,11.2,9.23,15-Mar-96
5.03,6.56,652.65,11.52,9.62,18-Mar-96
5.03,6.66,651.69,11.41,9.55,19-Mar-96
5.03,6.52,649.98,11.43,9.66,20-Mar-96
4.94,6.28,649.19,11.44,9.62,21-Mar-96
4.97,6.3,650.62,11.59,9.55,22-Mar-96
4.93,6.22,650.04,11.69,9.66,25-Mar-96
5,6.4,652.97,11.69,9.55,26-Mar-96
5.02,6.39,648.91,11.67,9.55,27-Mar-96
5.05,6.37,648.94,11.57,9.73,28-Mar-96
5,6.42,645.5,11.52,9.76,29-Mar-96
5.03,6.4,653.73,11.74,9.94,1-Apr-96
5.02,6.52,655.26,11.76,10.05,2-Apr-96
5,6.51,655.88,11.87,9.94,3-Apr-96
4.98,6.5,655.86,11.89,10.01,4-Apr-96
5.02,6.46,644.24,11.78,10.01,8-Apr-96
4.98,6.33,642.19,11.59,10.01,9-Apr-96
4.95,6.33,633.5,11.33,9.8,10-Apr-96
4.94,6.3,631.18,11.19,9.59,11-Apr-96
4.93,6.3,636.71,11.37,9.73,12-Apr-96
4.87,6.45,642.49,11.57,9.87,15-Apr-96
4.82,6.56,645,11.5,10.05,16-Apr-96
4.83,6.6,641.61,11.57,10.4,17-Apr-96
4.85,6.79,643.61,11.72,10.19,18-Apr-96
4.88,6.84,645.07,11.7,10.12,19-Apr-96
4.88,7.02,647.89,11.76,10.19,22-Apr-96
4.96,7.02,651.58,11.74,10.26,23-Apr-96
5,6.95,650.17,11.69,10.15,24-Apr-96
4.97,7.02,652.87,11.54,10.01,25-Apr-96
4.97,7.07,653.46,11.52,10.01,26-Apr-96
5,7.02,654.16,11.48,10.19,29-Apr-96
5.01,7.06,654.17,11.43,10.29,30-Apr-96
4.97,7.17,654.58,11.52,10.54,1-May-96
4.99,6.95,643.38,11.46,10.22,2-May-96
5,6.91,641.63,11.39,10.25,3-May-96
4.99,6.96,640.81,11.28,10.18,6-May-96
5.01,7.05,638.26,11.15,10.32,7-May-96
4.99,7.12,644.77,11.24,10.25,8-May-96
4.99,7.07,645.44,11.39,10.29,9-May-96
4.99,7.16,652.09,11.5,10.15,10-May-96
5.02,7.39,661.51,11.61,10.25,13-May-96
5.01,7.41,665.6,11.67,10.43,14-May-96
5,7.33,665.42,11.65,10.4,15-May-96
5,7.3,664.85,11.81,10.54,16-May-96
5.01,7.29,668.91,12.02,10.68,17-May-96
5.01,7.27,673.15,12.48,10.61,20-May-96
5.04,7.17,672.76,12.31,10.51,21-May-96
5.04,7.28,678.42,12.55,10.58,22-May-96
5.04,7.38,676,12.52,10.61,23-May-96
5.03,7.38,678.51,12.57,10.36,24-May-96
5.04,7.3,672.23,12.24,10.54,28-May-96
5.03,7.3,667.93,12.17,10.47,29-May-96
5.04,7.37,671.7,12.31,10.47,30-May-96
5.04,7.4,669.12,12.24,10.47,31-May-96
5.08,7.37,667.68,12.26,10.43,3-Jun-96
5.08,7.34,672.56,12.41,10.51,4-Jun-96
5.08,7.53,678.44,12.48,10.4,5-Jun-96
5.07,7.46,673.03,12.76,10.11,6-Jun-96
5.12,7.55,673.31,12.7,10.04,7-Jun-96
5.14,7.51,672.16,12.72,10.08,10-Jun-96
5.13,7.61,670.97,12.52,10,11-Jun-96
5.12,7.79,669.04,12.61,10.04,12-Jun-96
5.09,7.76,667.92,12.68,9.93,13-Jun-96
5.07,7.66,665.85,12.68,9.86,14-Jun-96
5.05,7.76,665.16,12.76,9.86,17-Jun-96
5.07,7.62,662.06,12.66,9.86,18-Jun-96
5.09,7.58,661.96,12.66,10,19-Jun-96
5.12,7.58,662.1,12.66,9.93,20-Jun-96
5.12,7.72,666.84,12.87,9.75,21-Jun-96
5.12,7.73,668.85,12.92,9.57,24-Jun-96
5.09,7.6,668.48,12.98,9.39,25-Jun-96
5.1,7.51,664.39,12.85,9.11,26-Jun-96
5.05,7.47,668.55,12.94,9.29,27-Jun-96
5.03,7.48,670.63,12.83,9.29,28-Jun-96
5.07,7.62,675.88,12.97,9.46,1-Jul-96
5.18,7.58,673.61,13.01,9.61,2-Jul-96
5.11,7.55,672.4,12.97,9.14,3-Jul-96
5.15,7.37,657.44,12.73,9,5-Jul-96
5.16,7.5,652.54,12.47,8.85,8-Jul-96
5.19,7.48,654.75,12.58,8.82,9-Jul-96
5.15,7.44,656.06,12.7,9.03,10-Jul-96
5.11,7.13,645.67,12.47,8.93,11-Jul-96
5.14,7,646.19,12.49,8.82,12-Jul-96
5.15,6.89,629.8,12.1,8.93,15-Jul-96
5.11,7.19,628.37,12.03,8.75,16-Jul-96
5.12,7.3,634.07,12.31,9.25,17-Jul-96
5.11,7.47,643.56,12.47,9.21,18-Jul-96
5.14,7.54,638.73,12.21,9.25,19-Jul-96
5.15,7.46,633.77,12.03,9.18,22-Jul-96
5.16,6.99,626.87,11.8,9.18,23-Jul-96
5.16,7.15,626.65,11.88,9.14,24-Jul-96
5.15,7.38,631.17,11.99,9.21,25-Jul-96
5.15,7.42,635.9,12.1,9.21,26-Jul-96
5.21,7.28,630.91,11.9,9.03,29-Jul-96
5.19,7.39,635.26,11.91,9.29,30-Jul-96
5.18,7.34,639.95,12.23,9.4,31-Jul-96
5.1,7.51,650.02,12.4,9.8,1-Aug-96
5.06,7.69,662.49,12.81,9.83,2-Aug-96
5.04,7.58,660.23,12.77,9.76,5-Aug-96
5.06,7.73,662.38,12.86,9.72,6-Aug-96
5.04,7.77,664.16,12.75,9.69,7-Aug-96
5.01,7.8,662.59,12.62,9.76,8-Aug-96
5.01,7.76,662.1,12.45,9.8,9-Aug-96
5.01,7.8,665.77,12.64,9.94,12-Aug-96
5.03,7.69,660.2,12.64,9.58,13-Aug-96
5.02,7.78,662.05,12.7,9.69,14-Aug-96
5.05,7.79,662.28,12.6,9.69,15-Aug-96
5.04,7.74,665.21,12.62,9.65,16-Aug-96
5.04,7.69,666.58,12.64,9.65,19-Aug-96
5.03,7.69,665.69,12.64,9.76,20-Aug-96
5,7.69,665.07,12.49,9.72,21-Aug-96
4.99,7.79,670.68,12.58,9.87,22-Aug-96
5.01,7.68,667.03,12.75,9.8,23-Aug-96
5.06,7.65,663.88,12.73,9.83,26-Aug-96
5.06,7.77,666.4,12.86,9.87,27-Aug-96
5.06,7.83,664.81,12.84,9.8,28-Aug-96
5.1,7.73,657.4,12.6,9.69,29-Aug-96
5.14,7.63,651.99,12.36,9.72,30-Aug-96
5.18,7.69,654.72,12.51,9.65,3-Sep-96
5.18,7.69,655.61,12.53,9.62,4-Sep-96
5.21,7.57,649.44,12.38,9.47,5-Sep-96
5.19,7.63,655.68,12.6,9.25,6-Sep-96
5.13,7.78,663.76,12.73,9.25,9-Sep-96
5.15,7.75,663.81,12.79,9.18,10-Sep-96
5.16,7.79,667.28,12.79,9.11,11-Sep-96
5.14,8.01,671.15,12.94,9.22,12-Sep-96
5.06,8.16,680.54,13.14,9.29,13-Sep-96
5.04,8.19,683.98,13.14,9.29,16-Sep-96
5.17,8.34,682.94,12.94,9.4,17-Sep-96
5.15,8.5,681.47,12.97,9.33,18-Sep-96
5.11,8.58,683,13.07,9.25,19-Sep-96
5.14,8.61,687.03,13.25,9.29,20-Sep-96
5.15,8.58,686.48,13.16,9.14,23-Sep-96
5.02,8.53,685.61,13.36,9.03,24-Sep-96
4.94,8.45,685.83,13.61,9,25-Sep-96
4.87,8.22,685.86,13.51,8.93,26-Sep-96
4.9,8.37,686.19,13.68,8.89,27-Sep-96
4.91,8.22,687.33,13.6,9.07,30-Sep-96
4.97,8.23,689.08,13.54,9.18,1-Oct-96
4.9,8.39,694.01,13.73,9.22,2-Oct-96
4.9,8.35,692.78,13.73,9.07,3-Oct-96
4.87,8.5,701.46,13.97,9.18,4-Oct-96
4.92,8.57,703.34,14.07,9.25,7-Oct-96
4.98,8.43,700.64,13.95,9.25,8-Oct-96
4.98,8.38,696.74,13.88,9.22,9-Oct-96
5.01,8.33,694.61,13.75,9.22,10-Oct-96
5,8.54,700.66,14.1,9.29,11-Oct-96
5.04,8.65,702.57,14.24,9.65,15-Oct-96
5,8.6,704.41,14.2,9.4,16-Oct-96
4.97,8.44,706.99,14.22,9.25,17-Oct-96
4.97,8.39,710.82,14.22,9.22,18-Oct-96
4.99,8.35,709.85,14.31,9.18,21-Oct-96
4.99,8.25,706.57,14.29,9.14,22-Oct-96
4.98,8.38,707.27,14.42,9.11,23-Oct-96
4.99,8.51,702.29,14.37,9.11,24-Oct-96
4.99,8.5,700.92,14.33,9.07,25-Oct-96
5.02,8.51,697.26,14.2,9.03,28-Oct-96
5.01,8.43,701.5,14.35,9.07,29-Oct-96
5.01,8.49,700.9,14.35,9.07,30-Oct-96
5.01,8.55,705.27,14.46,9.18,31-Oct-96
5.02,8.56,703.77,14.44,8.96,1-Nov-96
5.01,8.6,706.73,14.55,9.26,4-Nov-96
5.02,8.82,714.14,14.76,9.29,5-Nov-96
5.02,9,724.59,15.19,9.29,6-Nov-96
5.01,8.94,727.65,15.36,9.11,7-Nov-96
5.03,8.94,730.82,15.26,9.29,8-Nov-96
5.03,8.95,731.87,15.24,9.29,11-Nov-96
5.03,8.83,729.56,15.23,9.22,12-Nov-96
5.02,9.03,731.13,15.49,9.26,13-Nov-96
5.02,9.32,735.88,15.69,9.26,14-Nov-96
5,9.28,737.62,15.58,9.22,15-Nov-96
5.02,9.37,737.02,15.45,9.37,18-Nov-96
5.02,9.71,742.16,15.39,9.37,19-Nov-96
5.02,9.55,743.95,15.36,9.55,20-Nov-96
5.02,9.37,742.75,15.19,9.4,21-Nov-96
5.02,9.38,748.73,15.1,9.44,22-Nov-96
5.02,9.56,757.03,15.51,9.55,25-Nov-96
5.02,9.58,755.96,15.24,9.52,26-Nov-96
5.01,9.69,755,15.32,9.55,27-Nov-96
4.99,9.77,757.02,15.54,9.62,29-Nov-96
4.94,9.83,756.56,15.43,9.62,2-Dec-96
4.91,9.64,748.28,14.83,9.81,3-Dec-96
4.89,9.55,745.1,14.78,9.7,4-Dec-96
4.9,9.53,744.38,14.59,9.7,5-Dec-96
4.89,9.52,739.6,14.63,9.52,6-Dec-96
4.85,10.19,749.76,14.72,9.81,9-Dec-96
4.81,10.2,747.54,14.66,9.62,10-Dec-96
4.81,10.39,740.73,14.5,9.74,11-Dec-96
4.83,10.09,729.3,14.46,9.44,12-Dec-96
4.79,9.97,728.64,14.46,9.4,13-Dec-96
4.85,9.56,720.98,14.22,9.18,16-Dec-96
4.88,9.95,726.04,14.59,9.37,17-Dec-96
4.87,10.29,731.54,14.83,9.4,18-Dec-96
4.85,10.57,745.76,15.36,9.29,19-Dec-96
4.88,10.42,748.87,15.28,9.37,20-Dec-96
4.96,10.44,746.92,15.1,9.29,23-Dec-96
4.95,10.57,751.03,15.24,9.44,24-Dec-96
4.96,10.65,755.82,15.43,9.48,26-Dec-96
4.96,10.5,756.79,15.4,9.44,27-Dec-96
5.03,10.4,753.85,15.26,9.48,30-Dec-96
5.05,10.29,740.74,14.85,9.48,31-Dec-96
5.05,10.17,737.01,14.66,9.37,2-Jan-97
5.03,10.54,748.03,14.89,9.55,3-Jan-97
5.03,10.51,747.65,14.87,9.74,6-Jan-97
5.01,10.59,753.23,15.17,9.84,7-Jan-97
5.01,10.39,748.41,14.96,10.06,8-Jan-97
4.99,10.26,754.85,15.19,9.92,9-Jan-97
5.02,10.5,759.5,15.23,9.84,10-Jan-97
5.03,10.44,759.51,15.51,9.77,13-Jan-97
5.03,10.64,768.86,15.72,9.92,14-Jan-97
5,10.54,767.2,15.45,9.74,15-Jan-97
5.03,10.72,769.75,15.25,9.66,16-Jan-97
5.02,10.86,776.17,15.57,9.7,17-Jan-97
5.02,11.31,776.7,15.77,9.74,20-Jan-97
5.02,11.84,782.72,15.85,9.88,21-Jan-97
5.02,12.13,786.23,16.13,10.06,22-Jan-97
5.02,11.81,777.56,15.64,9.92,23-Jan-97
5.02,11.95,770.52,15.3,9.88,24-Jan-97
5.05,11.98,765.02,15.08,9.74,27-Jan-97
5.04,11.91,765.02,15.11,9.66,28-Jan-97
5.04,12.12,772.5,15.57,9.63,29-Jan-97
5.03,12.6,784.17,15.87,9.63,30-Jan-97
5.01,12.71,786.16,15.55,9.55,31-Jan-97
4.97,12.76,786.73,15.81,9.59,3-Feb-97
5,12.85,789.26,15.6,9.63,4-Feb-97
4.99,12.26,778.28,15.47,9.59,5-Feb-97
5,12.1,780.15,15.62,9.55,6-Feb-97
4.99,12.51,789.56,15.77,9.59,7-Feb-97
4.99,12.18,785.43,15.6,9.51,10-Feb-97
5.01,12.27,789.59,15.72,9.59,11-Feb-97
5.01,12.44,802.77,15.9,9.74,12-Feb-97
4.99,12.46,811.82,16.11,9.74,13-Feb-97
4.96,12.19,808.48,15.98,9.74,14-Feb-97
4.96,12.13,816.29,16.15,9.89,18-Feb-97
4.97,12.15,812.49,16.15,9.74,19-Feb-97
4.95,11.87,802.8,15.89,9.81,20-Feb-97
4.95,11.84,801.77,15.79,9.85,21-Feb-97
4.97,12.47,810.28,16.02,9.92,24-Feb-97
5,12.4,812.03,15.92,9.96,25-Feb-97
5.06,12.49,805.68,15.96,9.92,26-Feb-97
5.07,11.98,795.07,15.79,9.78,27-Feb-97
5.07,12.15,790.82,15.45,9.78,28-Feb-97
5.09,12.4,795.31,15.53,9.85,3-Mar-97
5.08,12.35,790.95,15.3,9.51,4-Mar-97
5.06,12.57,801.99,15.64,9.51,5-Mar-97
5.07,12.18,798.56,15.8,9.48,6-Mar-97
5.08,12.06,804.97,15.91,9.59,7-Mar-97
5.05,12.46,813.65,15.98,9.7,10-Mar-97
5.03,12.26,811.34,15.87,9.59,11-Mar-97
5.06,12.3,804.26,15.81,9.7,12-Mar-97
5.1,12.41,789.56,15.64,9.44,13-Mar-97
5.09,12.34,793.17,15.55,9.55,14-Mar-97
5.12,12.52,795.71,15.76,9.59,17-Mar-97
5.13,12.41,789.66,15.55,9.51,18-Mar-97
5.15,12.06,785.77,15.63,9.44,19-Mar-97
5.19,11.96,782.65,15.49,9.37,20-Mar-97
5.26,11.71,784.1,15.51,9.44,21-Mar-97
5.25,11.23,790.89,15.98,9.44,24-Mar-97
5.25,11.25,789.07,15.85,9.48,25-Mar-97
5.21,11.74,790.5,15.68,9.25,26-Mar-97
5.22,11.68,773.88,15.29,9.18,27-Mar-97
5.17,11.42,757.12,14.98,9.33,31-Mar-97
5.16,11.62,759.64,14.89,9.37,1-Apr-97
5.14,11.46,750.11,14.76,9.22,2-Apr-97
5.12,11.85,750.32,14.85,9.14,3-Apr-97
5.14,11.74,757.9,15.23,9.18,4-Apr-97
5.15,11.95,762.13,15.17,9.4,7-Apr-97
5.1,12.24,766.12,15.29,9.51,8-Apr-97
5.1,12.21,760.6,15.38,9.78,9-Apr-97
5.14,12.06,758.34,15.32,9.7,10-Apr-97
5.15,11.84,737.65,14.78,9.59,11-Apr-97
5.15,12.13,743.73,15.1,9.66,14-Apr-97
5.14,12.1,754.72,15.53,9.89,15-Apr-97
5.15,12.24,763.53,15.91,10.37,16-Apr-97
5.14,12.23,761.77,15.68,10.33,17-Apr-97
5.14,13.41,766.34,15.81,10.18,18-Apr-97
5.15,13.41,760.37,15.76,10.3,21-Apr-97
5.2,13.78,774.61,16.38,10.37,22-Apr-97
5.2,14.34,773.64,16.17,10.37,23-Apr-97
5.17,14.22,771.18,16.1,10.22,24-Apr-97
5.16,14.16,765.37,16.08,10.18,25-Apr-97
5.18,14.31,772.96,16.19,10.26,28-Apr-97
5.12,14.83,794.05,16.7,10.52,29-Apr-97
5.1,15.14,801.34,16.76,10.46,30-Apr-97
5.09,15.08,798.53,16.57,10.34,1-May-97
5.09,15.05,812.97,17.08,10.46,2-May-97
5.01,14.98,830.29,17.59,10.65,5-May-97
5.04,14.62,827.76,17.63,10.8,6-May-97
5.09,14.39,815.62,17.48,10.57,7-May-97
5.06,14.5,820.26,17.53,10.72,8-May-97
5.04,14.55,824.78,17.59,11.02,9-May-97
5.02,14.72,837.66,18.08,11.13,12-May-97
5.06,14.67,833.13,18.34,10.76,13-May-97
5.03,14.44,836.04,18.38,10.87,14-May-97
4.97,14.59,841.88,18.72,11.06,15-May-97
5.05,14.38,829.75,18.27,11.02,16-May-97
5.16,14.34,833.27,18.42,10.95,19-May-97
5.11,14.84,841.66,18.87,11.28,20-May-97
4.99,15,839.35,18.65,11.21,21-May-97
5.02,15.03,835.66,18.42,11.17,22-May-97
5.03,15.31,847.03,18.53,11.25,23-May-97
4.98,15.78,849.71,18.38,11.32,27-May-97
5,15.68,847.21,18.42,11.25,28-May-97
4.9,15.68,844.08,18.46,11.17,29-May-97
4.82,15.45,848.28,18.23,11.28,30-May-97
4.78,15.5,846.36,18.31,11.17,2-Jun-97
4.95,15.05,845.48,18.31,11.43,3-Jun-97
4.96,14.85,840.11,18.38,11.32,4-Jun-97
4.98,15.02,843.43,18.19,11.51,5-Jun-97
4.92,15.46,858.01,18.8,11.47,6-Jun-97
4.9,15.59,862.91,18.99,11.51,9-Jun-97
4.91,15.55,865.27,19.1,11.43,10-Jun-97
4.85,15.82,869.57,19.21,11.7,11-Jun-97
4.83,15.82,883.46,19.66,11.62,12-Jun-97
4.84,16.15,893.27,19.96,11.55,13-Jun-97
4.83,16.37,893.9,20.08,11.62,16-Jun-97
4.91,16.72,894.42,20.08,11.43,17-Jun-97
4.93,16.22,889.06,20,11.66,18-Jun-97
4.94,16.11,897.99,20.27,11.51,19-Jun-97
4.94,16.18,898.7,20.42,11.66,20-Jun-97
5.03,15.96,878.62,19.78,11.47,23-Jun-97
5,16.45,896.34,20.02,11.7,24-Jun-97
4.97,16.25,888.99,19.74,11.64,25-Jun-97
4.99,15.98,883.68,19.66,11.55,26-Jun-97
5,15.89,887.3,19.72,11.73,27-Jun-97
5.05,15.75,885.14,19.63,11.43,30-Jun-97
5.1,15.57,891.03,20.08,11.57,1-Jul-97
5.09,16,904.03,20.48,12,2-Jul-97
5,16.14,916.92,21.03,12.04,3-Jul-97
4.94,16.14,912.2,21.18,11.89,7-Jul-97
4.96,16.35,918.75,21.07,12.15,8-Jul-97
4.97,16.29,907.54,20.75,11.98,9-Jul-97
4.99,16.18,913.78,21.07,12.38,10-Jul-97
4.99,16.17,916.68,21.41,12.15,11-Jul-97
5,16.94,918.38,21.52,12.38,14-Jul-97
5.06,17.25,925.76,21.88,12.68,15-Jul-97
5.04,18.5,936.59,22.43,12.23,16-Jul-97
5.07,18.63,931.61,22.19,12.24,17-Jul-97
5.11,17.51,915.3,21.56,12.02,18-Jul-97
5.13,16.94,912.94,21.41,11.96,21-Jul-97
5.09,17.96,933.98,21.79,12.32,22-Jul-97
5.05,17.62,936.56,21.88,12.34,23-Jul-97
5.07,17.19,940.3,21.79,12.41,24-Jul-97
5.08,17.26,938.79,21.92,12.2,25-Jul-97
5.1,17.07,936.45,21.69,12.47,28-Jul-97
5.09,17.44,942.29,21.5,12.45,29-Jul-97
5.09,17.58,952.29,21.45,12.54,30-Jul-97
5.1,17.62,954.31,21.26,12.43,31-Jul-97
5.13,17.52,947.14,20.95,12.35,1-Aug-97
5.14,17.64,950.3,20.61,12.54,4-Aug-97
5.14,17.86,952.37,20.54,12.43,5-Aug-97
5.14,17.87,960.32,21.01,12.52,6-Aug-97
5.15,17.93,951.19,20.69,12.86,7-Aug-97
5.14,17.44,933.54,20.33,12.46,8-Aug-97
5.16,17.23,937,20.5,12.46,11-Aug-97
5.17,16.95,926.53,20.06,12.29,12-Aug-97
5.17,16.95,922.02,20.23,12.39,13-Aug-97
5.18,16.98,924.77,20.23,12.31,14-Aug-97
5.13,16.56,900.81,19.21,12.12,15-Aug-97
5.11,16.68,912.49,19.97,12.35,18-Aug-97
5.08,17.3,926.01,20.12,12.37,19-Aug-97
5.09,17.51,939.35,20.57,12.75,20-Aug-97
5.12,17.18,925.05,19.99,12.96,21-Aug-97
5.09,17.1,923.54,19.66,13.05,22-Aug-97
5.14,17.01,920.16,19.44,13.41,25-Aug-97
5.12,16.82,913.02,19.17,13.53,26-Aug-97
5.13,16.77,913.7,19.02,13.3,27-Aug-97
5.09,16.45,903.67,18.95,13.22,28-Aug-97
5.09,16.47,899.47,18.96,13.07,29-Aug-97
5.05,17.09,927.58,20.06,13.3,2-Sep-97
5.01,17.02,927.86,20.31,13.26,3-Sep-97
5,17.22,930.87,20.18,13.74,4-Sep-97
5.02,17.11,929.05,20.08,13.64,5-Sep-97
5,17.36,931.2,20.29,13.53,8-Sep-97
4.99,17.38,933.62,20.23,13.81,9-Sep-97
4.96,16.84,919.03,19.99,13.79,10-Sep-97
4.98,17.05,912.59,19.7,13.55,11-Sep-97
4.96,17.19,923.91,20.08,13.45,12-Sep-97
4.99,16.28,919.77,20.12,13.36,15-Sep-97
4.92,16.99,945.64,20.78,13.55,16-Sep-97
4.97,16.6,943,21.13,13.68,17-Sep-97
4.95,16.48,947.29,21.26,13.74,18-Sep-97
4.92,16.84,950.51,21.28,13.74,19-Sep-97
4.89,16.61,955.43,21.31,13.68,22-Sep-97
4.85,16.88,951.93,20.95,13.38,23-Sep-97
4.8,16.5,944.48,20.8,13.22,24-Sep-97
4.79,16.54,937.91,20.27,13.38,25-Sep-97
4.85,16.62,945.22,20.79,13.36,26-Sep-97
4.86,16.76,953.34,21.02,13.7,29-Sep-97
4.97,16.49,947.28,20.71,13.72,30-Sep-97
4.96,16.68,955.41,20.86,13.87,1-Oct-97
4.92,16.6,960.46,21.15,14.23,2-Oct-97
4.89,16.81,965.03,21.02,14.14,3-Oct-97
4.85,16.84,972.69,21.26,14.44,6-Oct-97
4.92,17.02,983.12,21.91,14.55,7-Oct-97
4.96,17.32,973.84,21.45,14.67,8-Oct-97
4.98,17.31,970.62,21.49,15.05,9-Oct-97
4.99,17.01,966.98,21.26,14.97,10-Oct-97
4.99,17.04,968.1,21.11,15.16,13-Oct-97
4.95,17.03,970.28,21.11,15.07,14-Oct-97
4.92,16.91,965.72,20.92,14.93,15-Oct-97
4.93,16.69,955.25,21.09,14.57,16-Oct-97
4.89,16.48,944.16,21.11,14.42,17-Oct-97
4.9,16.53,955.61,21.34,14.52,20-Oct-97
4.96,17.26,972.28,21.49,14.74,21-Oct-97
5,16.91,968.49,21.13,14.5,22-Oct-97
4.97,16.9,950.69,20.5,14.23,23-Oct-97
5.01,16.87,941.64,20.07,14.12,24-Oct-97
4.95,16.06,876.99,18.85,13.38,27-Oct-97
5.09,16.62,921.85,20.24,13.68,28-Oct-97
5.05,16.31,919.16,19.74,14,29-Oct-97
5.02,16.03,903.68,19.25,13.46,30-Oct-97
5.06,16.2,914.62,19.67,13.41,31-Oct-97
5.1,16.71,938.99,20.43,14.21,3-Nov-97
5.1,16.73,940.76,20.83,14.25,4-Nov-97
5.12,16.64,942.76,21.03,14.25,5-Nov-97
5.15,16.45,938.03,20.92,14.19,6-Nov-97
5.15,16.39,927.51,20.62,14.04,7-Nov-97
5.2,16.22,921.13,20.39,13.88,10-Nov-97
5.2,16.28,923.78,20.5,13.85,11-Nov-97
5.15,16.1,905.96,20.01,13.25,12-Nov-97
5.13,16.39,916.66,20.81,13.16,13-Nov-97
5.12,16.61,928.35,21.09,13.31,14-Nov-97
5.16,16.81,946.2,21.66,13.46,17-Nov-97
5.15,16.7,938.23,21.17,13.42,18-Nov-97
5.13,16.83,944.59,21.51,13.08,19-Nov-97
5.13,17.06,958.98,21.89,13.14,20-Nov-97
5.1,17.18,963.09,22.14,13.16,21-Nov-97
5.14,16.88,946.67,21.8,13.1,24-Nov-97
5.14,17.32,950.82,22.14,13.04,25-Nov-97
5.09,17.64,951.64,22.35,13.02,26-Nov-97
5.06,17.63,955.4,22.48,13.19,28-Nov-97
5.09,17.92,974.77,22.52,13.62,1-Dec-97
5.1,17.72,971.68,22.4,14,2-Dec-97
5.1,18.03,976.77,22.22,13.75,3-Dec-97
5.1,17.76,973.1,22.06,13.85,4-Dec-97
5.16,17.83,983.79,22.35,14.17,5-Dec-97
5.19,18.21,982.37,22.39,14.1,8-Dec-97
5.1,17.98,975.78,22.71,14.19,9-Dec-97
5.06,17.72,969.79,22.44,14.63,10-Dec-97
5.05,17.33,954.94,22.06,14.19,11-Dec-97
5.05,17.04,953.39,21.99,14.4,12-Dec-97
5.09,16.96,963.39,22.71,14.44,15-Dec-97
5.06,17.33,968.04,22.94,14.88,16-Dec-97
5.09,16.9,965.54,22.82,15.02,17-Dec-97
5.08,16.31,955.3,22.52,14.54,18-Dec-97
5.24,16.03,946.78,22.22,14.08,19-Dec-97
5.3,15.82,953.7,22.48,14.19,22-Dec-97
5.34,15.36,939.13,21.62,14.21,23-Dec-97
5.22,14.82,932.7,21.62,14.21,24-Dec-97
5.18,15.05,936.46,21.55,14.35,26-Dec-97
5.25,15.74,953.35,22.14,14.42,29-Dec-97
5.24,16.23,970.84,22.73,15.04,30-Dec-97
5.2,16.1,970.43,22.42,14.9,31-Dec-97
5.17,16.34,975.04,22.62,14.81,2-Jan-98
5.08,16.25,977.07,23.02,14.88,5-Jan-98
5.08,16.34,966.58,22.71,14.63,6-Jan-98
5.09,16.14,964,22.9,14.46,7-Jan-98
4.96,16.26,956.05,22.69,13.83,8-Jan-98
4.92,15.82,927.69,22.14,13.42,9-Jan-98
4.92,16.14,939.21,22.75,13.88,12-Jan-98
5.07,16.46,952.12,22.83,14.46,13-Jan-98
5.04,16.34,957.94,22.73,14.88,14-Jan-98
4.98,16.49,950.73,22.22,14.92,15-Jan-98
5,16.85,961.51,22.42,15.04,16-Jan-98
5.01,17.17,978.6,23.09,14.92,20-Jan-98
4.99,17.07,970.81,23.09,15.13,21-Jan-98
4.99,17.27,963.04,22.98,14.96,22-Jan-98
5.04,17.23,957.59,22.63,14.73,23-Jan-98
5.03,17.66,956.95,22.83,14.81,26-Jan-98
5.11,18.09,969.02,23.3,15.31,27-Jan-98
5.08,18.57,977.46,23.3,15.45,28-Jan-98
5.05,18.47,985.49,23.57,15.7,29-Jan-98
5.04,18.59,980.28,23.68,15.78,30-Jan-98
5.09,19.3,1001.27,24.01,16.05,2-Feb-98
5.09,19.42,1006,23.7,15.94,3-Feb-98
4.97,19.54,1006.9,23.49,15.88,4-Feb-98
4.99,19.37,1003.54,23.44,15.49,5-Feb-98
5.04,19.7,1012.46,23.74,15.92,6-Feb-98
5.01,19.59,1010.74,23.55,16.29,9-Feb-98
5.08,19.84,1019.01,23.68,16.32,10-Feb-98
5.07,19.8,1020.01,23.97,16.4,11-Feb-98
5.1,19.78,1024.14,23.99,16.63,12-Feb-98
5.08,19.62,1020.09,23.78,16.6,13-Feb-98
5.04,19.24,1022.76,23.86,17,17-Feb-98
5.05,19.27,1032.08,23.97,16.83,18-Feb-98
5.05,19.3,1028.28,23.78,16.83,19-Feb-98
5.07,19.33,1034.21,23.9,17.1,20-Feb-98
5.1,20.34,1038.14,23.74,17.12,23-Feb-98
5.18,20.46,1030.56,23.46,16.91,24-Feb-98
5.17,21.17,1042.9,23.57,17.19,25-Feb-98
5.18,21.31,1048.67,23.53,17.17,26-Feb-98
5.18,21.12,1049.34,23.76,17.5,27-Feb-98
5.17,20.76,1047.7,23.4,17.58,2-Mar-98
5.07,21.06,1052.02,23.61,18.24,3-Mar-98
5.03,20.51,1047.33,23.32,18.01,4-Mar-98
5.03,19.95,1035.05,23.43,17.91,5-Mar-98
5.01,20.62,1055.69,24.01,18.55,6-Mar-98
5.01,19.83,1052.31,24.09,18.35,9-Mar-98
4.96,20.31,1064.25,24.16,18.61,10-Mar-98
4.94,20.11,1068.47,24.24,18.28,11-Mar-98
4.94,20.4,1069.92,24.3,17.76,12-Mar-98
4.96,20.53,1068.61,24.03,18.34,13-Mar-98
4.96,20.43,1079.27,24.35,18.63,16-Mar-98
5.01,20.03,1080.45,24.55,18.95,17-Mar-98
5.02,20.37,1085.52,24.45,19.03,18-Mar-98
5.03,20.43,1089.74,24.56,19.32,19-Mar-98
5.04,20.39,1099.16,25.04,19.69,20-Mar-98
5.01,20.9,1095.55,24.68,19.51,23-Mar-98
5.01,21.17,1105.65,25.35,19.65,24-Mar-98
5.02,22.13,1101.93,25.16,19.63,25-Mar-98
5.06,21.99,1100.8,25.29,19.96,26-Mar-98
5.06,21.88,1095.44,25.62,20.13,27-Mar-98
5.08,21.91,1093.6,26.17,19.8,30-Mar-98
4.99,22.3,1101.75,26.44,20.06,31-Mar-98
4.97,22.52,1108.15,26.52,19.75,1-Apr-98
4.96,22.75,1120.01,26.92,19.59,2-Apr-98
4.93,23.18,1122.7,26.81,20.19,3-Apr-98
4.97,22.41,1121.38,26.64,20.13,6-Apr-98
4.91,21.74,1109.55,26.73,20.27,7-Apr-98
4.91,22.16,1101.65,26.42,20.31,8-Apr-98
4.93,22.18,1110.67,26.54,21.4,9-Apr-98
5.05,22.08,1109.69,26.64,21.94,13-Apr-98
5,22.04,1115.75,26.58,22.42,14-Apr-98
4.95,22.77,1119.32,26.56,22.77,15-Apr-98
4.91,22.85,1108.17,26.27,22.68,16-Apr-98
4.91,22.96,1122.72,26.77,22.28,17-Apr-98
4.91,23.58,1123.65,26.42,21.63,20-Apr-98
4.94,23.64,1126.67,26.4,21.71,21-Apr-98
4.94,24.64,1130.54,26.14,21.65,22-Apr-98
4.95,23.55,1119.58,25.91,20.91,23-Apr-98
4.93,22.96,1107.9,25.73,20.74,24-Apr-98
4.94,22.51,1086.54,25.29,20.49,27-Apr-98
4.92,22.4,1085.11,24.89,20.45,28-Apr-98
4.93,22.55,1094.62,25.25,21.02,29-Apr-98
4.85,22.46,1111.75,26.14,21.11,30-Apr-98
4.88,22.33,1121,26.08,21.57,1-May-98
4.9,21.94,1122.07,25.89,21.49,4-May-98
4.97,21.87,1115.5,25.56,21.14,5-May-98
4.99,21.52,1104.92,25.48,21.08,6-May-98
4.97,20.78,1095.14,25.12,21.02,7-May-98
4.99,21.37,1108.14,25.52,21.11,8-May-98
4.99,21,1106.64,25.52,20.73,11-May-98
4.99,21.35,1115.79,25.6,21.08,12-May-98
4.98,21.67,1118.86,25.96,22.2,13-May-98
5.03,22.16,1117.37,25.81,22.37,14-May-98
5.03,22.29,1108.73,25.35,22.09,15-May-98
5.04,21.45,1105.82,25.31,21.66,18-May-98
5.07,21.56,1109.52,25.43,21.91,19-May-98
5.06,21.37,1119.06,26.29,22.69,20-May-98
5.1,21.52,1114.64,26.37,23.56,21-May-98
5.07,21.32,1110.47,26.08,23.5,22-May-98
5,20.84,1094.02,25.41,23.96,26-May-98
4.95,21.43,1092.23,25.7,23.96,27-May-98
4.92,21.51,1097.6,25.89,23.99,28-May-98
4.89,21.13,1090.82,25.58,23.9,29-May-98
4.86,20.87,1090.98,25.43,24.36,1-Jun-98
4.97,21.31,1093.22,25.39,26.26,2-Jun-98
4.99,21.01,1082.73,24.95,25.63,3-Jun-98
4.98,21.45,1094.83,25.6,25.4,4-Jun-98
4.97,21.49,1113.86,26,25.46,5-Jun-98
4.98,21.35,1115.72,25.91,25.69,8-Jun-98
5,21.7,1118.41,26.02,25.4,9-Jun-98
5,21.43,1112.28,26.16,25.14,10-Jun-98
4.96,21.26,1094.58,25.83,24.28,11-Jun-98
4.98,21.37,1098.84,26.16,24.07,12-Jun-98
4.97,21.42,1077.01,25.73,23.82,15-Jun-98
5.02,22.4,1087.59,26.16,23.96,16-Jun-98
5.08,22.69,1107.11,26.87,24.97,17-Jun-98
5.04,22.72,1106.37,26.98,25.11,18-Jun-98
5.02,23.6,1100.65,26.69,25.37,19-Jun-98
4.98,23.88,1103.21,26.42,25.75,22-Jun-98
4.94,25.11,1119.49,27.04,26.32,23-Jun-98
4.91,26.15,1132.88,27.56,26.52,24-Jun-98
4.86,25.31,1129.28,27.54,26.78,25-Jun-98
4.86,26.03,1133.2,27.63,26.98,26-Jun-98
4.87,26.77,1138.49,27.88,26.81,29-Jun-98
4.97,27.01,1133.84,27.88,27.18,30-Jun-98
4.95,27.25,1148.56,27.98,26.9,1-Jul-98
4.93,26.73,1146.42,27.9,26.67,2-Jul-98
4.92,26.87,1157.33,28.28,27.53,6-Jul-98
4.97,26.9,1154.66,28.51,27.07,7-Jul-98
4.95,27.38,1166.38,28.72,27.39,8-Jul-98
4.93,27.66,1158.56,28.97,27.18,9-Jul-98
4.92,28.21,1164.33,28.88,26.67,10-Jul-98
4.94,29.3,1165.19,28.8,27.39,13-Jul-98
5.02,29.03,1177.58,29.26,27.88,14-Jul-98
5,29.25,1174.81,28.95,27.42,15-Jul-98
5.02,29.25,1183.99,29.48,27.53,16-Jul-98
5.01,29.39,1186.75,29.76,27.13,17-Jul-98
4.99,29.16,1184.1,29.4,26.61,20-Jul-98
4.93,28.11,1165.07,28.61,26.95,21-Jul-98
4.93,29.09,1164.08,28.13,27.67,22-Jul-98
4.96,28.16,1139.75,27.71,26.9,23-Jul-98
4.94,28.36,1140.8,28.23,26.55,24-Jul-98
4.94,29.09,1147.27,28.32,27.21,27-Jul-98
4.92,27.97,1130.24,27.95,27.33,28-Jul-98
4.93,27.58,1125.21,27.55,26.74,29-Jul-98
4.92,28.27,1142.95,28.11,28.19,30-Jul-98
4.95,27.4,1120.67,27.53,26.45,31-Jul-98
4.97,27.02,1112.44,27.55,26.33,3-Aug-98
4.95,26.04,1072.12,26.3,24.91,4-Aug-98
4.94,25.99,1081.43,26.7,25.17,5-Aug-98
4.88,26.63,1089.63,27.34,24.85,6-Aug-98
4.87,26.38,1089.45,27.13,24.19,7-Aug-98
4.85,26.03,1083.14,27.03,24.13,10-Aug-98
4.88,25.78,1068.98,26.88,23.52,11-Aug-98
4.9,26.18,1084.22,27.51,23.96,12-Aug-98
4.92,25.9,1074.91,27.05,23.69,13-Aug-98
4.9,25.98,1062.75,26.92,22.68,14-Aug-98
4.92,26.74,1083.67,27.49,22.27,17-Aug-98
4.95,27.72,1101.2,27.94,23.29,18-Aug-98
4.93,27.55,1098.06,28.09,23.67,19-Aug-98
4.91,28.05,1091.6,27.84,22.68,20-Aug-98
4.87,27.57,1081.24,27.59,22.3,21-Aug-98
4.93,27.5,1088.14,27.63,23.09,24-Aug-98
4.94,28.11,1092.85,27.8,22.77,25-Aug-98
4.92,28.05,1084.19,27.84,22.45,26-Aug-98
4.84,27.23,1042.59,26.65,21.58,27-Aug-98
4.78,26.23,1027.14,26.43,22.13,28-Aug-98
4.76,23.91,957.28,24.63,20.71,31-Aug-98
4.77,25.23,994.26,25.45,21.17,1-Sep-98
4.77,25.06,990.48,24.74,20.71,2-Sep-98
4.71,24.73,982.26,23.93,19.72,3-Sep-98
4.73,24.08,973.89,23.36,19.43,4-Sep-98
4.73,25.41,1023.46,25.2,20.42,8-Sep-98
4.75,25.48,1006.2,24.69,21.32,9-Sep-98
4.65,25.11,980.19,23.72,20.07,10-Sep-98
4.73,25.98,1009.06,24.4,20.1,11-Sep-98
4.75,26.42,1029.72,24.36,21.49,14-Sep-98
4.66,26.99,1037.68,24.03,21.93,15-Sep-98
4.63,26.96,1045.48,24.59,21.69,16-Sep-98
4.57,26.15,1018.87,24.09,21,17-Sep-98
4.49,26.26,1020.09,23.97,20.85,18-Sep-98
4.59,26.88,1023.89,24.4,21.29,21-Sep-98
4.69,27.21,1029.63,24.59,21.26,22-Sep-98
4.57,28.31,1066.09,25.88,22.53,23-Sep-98
4.48,27.44,1042.72,25.17,22.1,24-Sep-98
4.41,28.17,1044.75,25.57,22.33,25-Sep-98
4.37,27.74,1048.69,25.82,22.83,28-Sep-98
4.32,28.13,1049.02,25.6,22.8,29-Sep-98
4.25,27.43,1017.01,24.58,21.81,30-Sep-98
4.13,25.93,986.39,23.34,20.48,1-Oct-98
4.1,25.95,1002.6,23.29,20.01,2-Oct-98
4.02,25.22,988.56,22.55,18.45,5-Oct-98
4.05,24.33,984.59,22.79,18.85,6-Oct-98
4.05,23.45,970.68,23.17,19.11,7-Oct-98
3.73,22.72,959.44,22.11,19.09,8-Oct-98
3.81,24.14,984.39,22.4,20.53,9-Oct-98
3.81,24.86,997.71,22.88,21.11,12-Oct-98
3.81,24.03,994.8,23.52,20.45,13-Oct-98
3.92,24.97,1005.53,23.98,21.26,14-Oct-98
4.02,26.28,1047.49,25.33,22.62,15-Oct-98
3.53,26.18,1056.42,25.89,23.58,16-Oct-98
3.69,25.65,1062.39,25.76,23.49,19-Oct-98
3.91,24.98,1063.93,25.41,23.49,20-Oct-98
3.9,26.52,1069.92,25.91,23.17,21-Oct-98
3.86,27.41,1078.48,26.72,23.2,22-Oct-98
3.87,26.51,1070.67,26.74,23.17,23-Oct-98
3.99,26.68,1072.32,26.53,23.32,26-Oct-98
4.06,26.28,1065.34,26.42,23.55,27-Oct-98
4.18,26.34,1068.09,26.24,23.88,28-Oct-98
4.21,26.57,1085.93,26.82,24.06,29-Oct-98
4.21,26.38,1098.67,27.03,25.4,30-Oct-98
4.3,26.37,1111.6,26.99,25.49,2-Nov-98
4.38,26.21,1110.84,27.34,24.94,3-Nov-98
4.45,26.29,1118.67,27.42,25.29,4-Nov-98
4.43,26.51,1133.85,28.06,25.11,5-Nov-98
4.55,27.24,1141.01,27.92,25.26,6-Nov-98
4.51,27.58,1130.2,27.42,24.82,9-Nov-98
4.44,27.93,1128.26,27.52,25.26,10-Nov-98
4.44,27.68,1120.97,26.94,25.23,11-Nov-98
4.39,27.1,1117.69,26.76,24.35,12-Nov-98
4.35,27.41,1125.72,27.25,25,13-Nov-98
4.41,27.12,1135.87,27.94,25.58,16-Nov-98
4.3,27.88,1139.32,27.81,25.67,17-Nov-98
4.32,27.35,1144.48,28.35,25.7,18-Nov-98
4.32,27.85,1152.61,28.6,25.47,19-Nov-98
4.35,28.31,1163.55,28.64,25.93,20-Nov-98
4.47,29.7,1188.21,29.23,26.11,23-Nov-98
4.49,30.33,1182.99,29.12,25.87,24-Nov-98
4.45,30.96,1186.87,28.79,25.67,25-Nov-98
4.43,31.91,1192.33,28.52,25.82,27-Nov-98
4.42,30.4,1163.63,27.92,25.78,30-Nov-98
4.38,32.27,1175.28,28.15,27.22,1-Dec-98
4.37,31.59,1171.25,28.1,26.43,2-Dec-98
4.33,30.43,1150.14,27.21,25.82,3-Dec-98
4.36,31.74,1176.74,27.84,26.4,4-Dec-98
4.38,33.28,1187.7,28.06,26.46,7-Dec-98
4.31,32.69,1181.38,27.94,25.73,8-Dec-98
4.31,33.3,1183.49,27.81,25.67,9-Dec-98
4.36,32.78,1165.02,27.32,25.32,10-Dec-98
4.39,33.39,1166.46,27.52,25.7,11-Dec-98
4.39,31.88,1141.2,26.82,24.53,14-Dec-98
4.38,32.86,1162.83,28.77,25.47,15-Dec-98
4.34,33.33,1161.94,28.42,26.05,16-Dec-98
4.34,33.49,1179.98,29.14,26.69,17-Dec-98
4.38,34.34,1188.03,29.93,26.64,18-Dec-98
4.43,35,1202.84,30.39,25.93,21-Dec-98
4.41,34.5,1203.57,30.6,26.17,22-Dec-98
4.46,35.78,1228.54,31.32,27.34,23-Dec-98
4.45,35.32,1226.27,31.19,27.57,24-Dec-98
4.45,35.48,1225.49,31.42,27.89,28-Dec-98
4.48,35.01,1241.81,32.01,27.75,29-Dec-98
4.43,34.64,1231.93,31.72,27.22,30-Dec-98
4.35,34.56,1229.23,31.62,27.48,31-Dec-98
4.37,35.14,1228.1,31.18,27.04,4-Jan-99
4.37,36.51,1244.78,31.84,27.86,5-Jan-99
4.37,37.69,1272.34,32.46,28.92,6-Jan-99
4.31,37.5,1269.73,31.91,28.94,7-Jan-99
4.36,37.35,1275.09,31.74,30.44,8-Jan-99
4.39,36.76,1263.88,30.91,30.2,11-Jan-99
4.36,35.43,1239.51,30.3,29.45,12-Jan-99
4.34,35.84,1234.4,29.94,28.74,13-Jan-99
4.31,35.32,1212.19,30.09,28.28,14-Jan-99
4.32,37.32,1243.26,31.23,29.03,15-Jan-99
4.28,38.78,1252,31.45,29.94,19-Jan-99
4.29,40.53,1256.62,31.12,30.29,20-Jan-99
4.21,39.45,1235.16,30.79,29.06,21-Jan-99
4.25,38.94,1225.19,30.34,28.51,22-Jan-99
4.29,40.34,1233.98,31.16,28.57,25-Jan-99
4.35,42.75,1252.31,31.62,28.94,26-Jan-99
4.36,42.02,1243.17,31.47,28.45,27-Jan-99
4.37,43.36,1265.37,32.07,29.49,28-Jan-99
4.36,43.61,1279.64,32.51,28.99,29-Jan-99
4.41,43.1,1273,31.68,28.66,1-Feb-99
4.41,41.77,1261.99,31.62,27.84,2-Feb-99
4.36,41.57,1272.07,31.89,28.49,3-Feb-99
4.36,39.64,1248.49,31.04,27.27,4-Feb-99
4.39,39.87,1239.4,30.38,27.01,5-Feb-99
4.4,41.18,1243.77,30.25,27.69,8-Feb-99
4.41,39.89,1216.14,29.76,27.13,9-Feb-99
4.37,40.03,1223.55,30.36,27.75,10-Feb-99
4.39,40.56,1254.04,31,28.37,11-Feb-99
4.42,39.31,1230.13,30.26,27.31,12-Feb-99
4.4,38.94,1241.87,30.69,27.1,16-Feb-99
4.41,37.38,1224.03,30.79,27.9,17-Feb-99
4.41,36.32,1237.28,31.19,28.34,18-Feb-99
4.45,36.82,1239.22,31.12,27.75,19-Feb-99
4.49,37.08,1272.14,32.24,28.52,22-Feb-99
4.54,38.74,1271.18,31.93,27.95,23-Feb-99
4.54,38.1,1253.41,31.31,28.07,24-Feb-99
4.5,38.25,1245.02,31.12,28.1,25-Feb-99
4.55,37.41,1238.33,31.1,27.98,26-Feb-99
4.58,37.82,1236.16,31.29,27.54,1-Mar-99
4.54,37.02,1225.5,30.79,26.95,2-Mar-99
4.48,37.29,1227.7,30.61,26.8,3-Mar-99
4.48,37.94,1246.64,31.27,27.54,4-Mar-99
4.49,38.61,1275.47,32.26,28.37,5-Mar-99
4.5,39.62,1282.73,32.61,28.34,8-Mar-99
4.47,40.32,1279.84,32.98,27.25,9-Mar-99
4.47,40.22,1286.84,32.9,26.84,10-Mar-99
4.48,40.23,1297.68,33.31,27.34,11-Mar-99
4.47,39.92,1294.59,33.4,27.34,12-Mar-99
4.46,41.34,1307.26,34.26,27.6,15-Mar-99
4.43,42.13,1306.38,34.22,27.34,16-Mar-99
4.4,41.65,1297.82,33.74,27.07,17-Mar-99
4.37,42.97,1316.55,34.22,27.51,18-Mar-99
4.38,42.66,1299.29,34.85,27.63,19-Mar-99
4.39,43.06,1297.01,34.34,27.95,22-Mar-99
4.38,41.51,1262.14,33.15,26.84,23-Mar-99
4.38,42.68,1268.59,33.21,26.51,24-Mar-99
4.39,44.84,1289.99,33.76,27.54,25-Mar-99
4.39,44.39,1282.8,33.54,26.86,26-Mar-99
4.39,46.04,1310.17,34.85,26.95,29-Mar-99
4.37,46.35,1300.75,35.25,26.72,30-Mar-99
4.36,44.67,1286.37,34.42,26.75,31-Mar-99
4.3,46.2,1293.72,34.73,26.66,1-Apr-99
4.29,47.32,1321.12,35.66,27.51,5-Apr-99
4.29,46.88,1317.89,35.25,27.48,6-Apr-99
4.28,46.51,1326.89,35.62,28.66,7-Apr-99
4.27,47.13,1343.98,35.43,28.72,8-Apr-99
4.26,46.97,1348.35,34.9,28.57,9-Apr-99
4.22,46.35,1358.63,36.25,29.02,12-Apr-99
4.17,44.92,1349.82,36.38,29.81,13-Apr-99
4.16,42.8,1328.44,35.49,29.61,14-Apr-99
4.19,44.29,1322.85,35,29.63,15-Apr-99
4.22,43.17,1319,34.61,30.61,16-Apr-99
4.21,40.37,1289.48,32.59,30.67,19-Apr-99
4.25,41.43,1306.17,34.01,30.14,20-Apr-99
4.24,40.87,1336.12,35.33,30.2,21-Apr-99
4.27,42.33,1358.82,35.23,30.2,22-Apr-99
4.31,42.86,1356.85,35.12,30.08,23-Apr-99
4.35,43.86,1360.04,35.31,30.28,26-Apr-99
4.37,41.87,1362.8,35,30.22,27-Apr-99
4.38,40.93,1350.91,34.69,30.25,28-Apr-99
4.38,40.9,1342.83,33.48,31.18,29-Apr-99
4.43,40.52,1335.18,32.78,30.38,30-Apr-99
4.46,39.81,1354.63,32.86,31.69,3-May-99
4.49,38.9,1332,32.65,30.47,4-May-99
4.48,39.43,1347.31,33.91,30.59,5-May-99
4.48,38.85,1332.05,33.68,29.7,6-May-99
4.47,39.4,1345,34.2,30.83,7-May-99
4.47,39.72,1340.3,33.83,30.44,10-May-99
4.48,39.81,1355.61,34.52,30.44,11-May-99
4.47,40.12,1364,34.28,30.65,12-May-99
4.45,39.43,1367.56,34.01,30.18,13-May-99
4.5,38.31,1337.8,32.96,28.87,14-May-99
4.55,39.43,1339.49,33.06,27.35,17-May-99
4.53,39.22,1333.32,32.43,27.71,18-May-99
4.5,39.53,1344.23,33.6,27.41,19-May-99
4.48,39.09,1338.83,33.12,27.53,20-May-99
4.46,38.66,1330.29,32.39,27.68,21-May-99
4.5,38.5,1306.65,32.2,26.67,24-May-99
4.51,38,1284.4,31.85,26.94,25-May-99
4.52,39.12,1304.76,32.08,27.39,26-May-99
4.52,39.06,1281.41,31.33,26.64,27-May-99
4.51,40.22,1301.84,31.64,27.15,28-May-99
4.54,39.12,1294.26,31.91,27.32,1-Jun-99
4.6,39.09,1294.81,31.75,26.85,2-Jun-99
4.52,38.06,1299.54,32.01,26.91,3-Jun-99
4.43,39.65,1327.75,32.63,26.76,4-Jun-99
4.39,40,1334.52,32.49,27.09,7-Jun-99
4.48,39.56,1317.33,31.85,26.61,8-Jun-99
4.47,41.02,1318.64,31.95,26.26,9-Jun-99
4.53,39.81,1302.82,31.42,26.14,10-Jun-99
4.59,38.93,1293.64,31.53,25.84,11-Jun-99
4.57,38.66,1294,32.28,25.42,14-Jun-99
4.59,38.72,1301.16,32.42,25.16,15-Jun-99
4.55,40.37,1330.41,33.23,26.05,16-Jun-99
4.51,41.3,1339.9,33.74,25.96,17-Jun-99
4.52,42.36,1342.84,33.46,26.17,18-Jun-99
4.55,44.33,1349,32.84,26.11,21-Jun-99
4.61,43.11,1335.88,32.94,26.05,22-Jun-99
4.59,42.86,1333.06,32.92,25.13,23-Jun-99
4.59,42.17,1315.78,33.21,25.6,24-Jun-99
4.66,42.33,1315.31,32.49,25.4,25-Jun-99
4.67,43.24,1331.35,33.04,25.25,28-Jun-99
4.7,43.86,1351.45,34.13,25.45,29-Jun-99
4.67,44.95,1372.71,35.16,26.82,30-Jun-99
4.57,45.45,1380.96,34.69,27.83,1-Jul-99
4.54,45.85,1391.22,35.06,27.3,2-Jul-99
4.52,44.64,1388.12,35.56,27.41,6-Jul-99
4.53,46.01,1395.86,36.81,27.32,7-Jul-99
4.54,46.13,1394.42,36.51,26.85,8-Jul-99
4.56,46.48,1403.28,36.55,26.61,9-Jul-99
4.56,46.94,1399.1,36.01,26.49,12-Jul-99
4.58,46.66,1393.56,36.07,25.42,13-Jul-99
4.58,47.32,1398.17,36.14,25.16,14-Jul-99
4.57,47.03,1409.62,36.69,25.42,15-Jul-99
4.54,49.56,1418.78,37.1,25.69,16-Jul-99
4.52,49.03,1407.65,37.45,25.63,19-Jul-99
4.49,46.51,1377.1,36.69,25.28,20-Jul-99
4.47,47.19,1379.29,36.5,25.84,21-Jul-99
4.48,45.38,1360.97,35.89,25.63,22-Jul-99
4.52,44.98,1356.94,35.95,25.4,23-Jul-99
4.57,43.67,1347.76,35.58,25.21,26-Jul-99
4.58,44.26,1362.84,36.28,25.37,27-Jul-99
4.57,44.86,1365.4,35.58,25.33,28-Jul-99
4.58,43.33,1341.03,34.95,24.93,29-Jul-99
4.62,42.77,1328.72,34.02,23.25,30-Jul-99
4.65,42.27,1328.05,33.67,23.67,2-Aug-99
4.69,42.24,1322.18,33.67,24,3-Aug-99
4.66,42.33,1305.33,33.32,23.55,4-Aug-99
4.58,42.74,1313.71,34.19,23.43,5-Aug-99
4.66,42.42,1300.29,33.39,23.07,6-Aug-99
4.74,41.77,1297.8,32.79,23.01,9-Aug-99
4.81,41.34,1281.43,32.73,22.23,10-Aug-99
4.77,41.96,1301.93,33.1,22.92,11-Aug-99
4.66,40.74,1298.16,32.79,22.65,12-Aug-99
4.6,42.21,1327.68,33.63,23.31,13-Aug-99
4.63,42.02,1330.77,34.27,23.31,16-Aug-99
4.68,42.14,1344.16,34.78,23.61,17-Aug-99
4.63,42.36,1332.84,34.86,24.39,18-Aug-99
4.63,41.77,1323.59,34.64,24.15,19-Aug-99
4.69,41.55,1336.61,35.21,24.78,20-Aug-99
4.77,43.08,1360.22,36.38,24.81,23-Aug-99
4.85,45.95,1363.5,36.4,24.51,24-Aug-99
4.79,47.5,1381.79,37.24,24.93,25-Aug-99
4.78,47.16,1362.01,37.12,24.75,26-Aug-99
4.84,46.48,1348.27,36.38,24.75,27-Aug-99
4.85,45.98,1324.02,35.66,24.33,30-Aug-99
4.85,46.13,1320.41,35.05,24.99,31-Aug-99
4.82,46.04,1331.07,35.48,24.87,1-Sep-99
4.78,45.76,1319.11,35.25,24.42,2-Sep-99
4.77,47.78,1357.24,36.33,25.15,3-Sep-99
4.69,46.97,1350.45,37.39,24.48,7-Sep-99
4.69,45.98,1344.15,37.72,24.16,8-Sep-99
4.68,46.88,1347.66,37.37,23.94,9-Sep-99
4.62,47.35,1351.66,37.2,24.33,10-Sep-99
4.63,46.78,1344.13,37,24.83,13-Sep-99
4.69,47.38,1336.29,36.44,24.54,14-Sep-99
4.62,46.16,1317.97,36.2,23.85,15-Sep-99
4.56,46.85,1318.48,36.59,23.94,16-Sep-99
4.55,48.07,1335.42,37.45,23.94,17-Sep-99
4.54,48.62,1335.53,38.08,23.94,20-Sep-99
4.65,47.16,1307.58,37.22,23.43,21-Sep-99
4.68,47.88,1310.51,37.14,23.88,22-Sep-99
4.67,45.45,1280.41,36.44,23.58,23-Sep-99
4.67,45.32,1277.36,36.83,23.82,24-Sep-99
4.67,45.57,1283.31,37.45,24.09,27-Sep-99
4.67,45.91,1282.2,37.05,23.94,28-Sep-99
4.68,44.61,1268.37,36.45,23.79,29-Sep-99
4.71,45.13,1282.71,37.11,24.09,30-Sep-99
4.71,44.85,1282.81,36.74,24.27,1-Oct-99
4.7,46.13,1304.6,37.58,24.6,4-Oct-99
4.73,45.76,1301.35,37.85,24.83,5-Oct-99
4.67,46.69,1325.4,38.72,25.41,6-Oct-99
4.7,46.72,1317.64,38.15,24.63,7-Oct-99
4.67,47.32,1336.02,39.05,24.99,8-Oct-99
4.67,47,1335.21,38.54,25.41,11-Oct-99
4.72,46.13,1313.04,37.99,25.38,12-Oct-99
4.84,45.38,1285.55,37.42,25.29,13-Oct-99
4.87,45.2,1283.42,37.6,25.43,14-Oct-99
4.89,43.89,1247.41,36.23,24.24,15-Oct-99
4.93,43.79,1254.13,36.82,24.95,18-Oct-99
4.99,43.02,1261.32,36.95,25.31,19-Oct-99
4.99,45.98,1289.43,38.07,25.47,20-Oct-99
4.98,46.38,1283.61,38.58,25.47,21-Oct-99
4.92,46.2,1301.65,39.32,25.83,22-Oct-99
4.9,46.07,1293.63,39.2,25.91,25-Oct-99
4.99,46.04,1281.91,39.32,25.88,26-Oct-99
4.99,45.29,1296.71,40.2,25.64,27-Oct-99
4.95,44.79,1342.44,41.63,26.4,28-Oct-99
4.96,46.13,1362.93,42.41,26.55,29-Oct-99
4.98,46.04,1354.12,40.5,26.43,1-Nov-99
4.98,46.13,1347.74,40.38,26.31,2-Nov-99
4.97,45.85,1354.93,41.12,26.01,3-Nov-99
4.94,45.73,1362.64,41.28,25.67,4-Nov-99
4.98,45.63,1370.23,41.86,25.98,5-Nov-99
5.04,44.83,1377.01,41.94,25.95,8-Nov-99
5.04,44.29,1365.28,41.75,26.16,9-Nov-99
5.05,43.42,1373.46,41.94,26.01,10-Nov-99
5.08,44.45,1396.06,42.37,25.83,12-Nov-99
5.11,43.36,1394.39,42.41,26.43,15-Nov-99
5.14,43.52,1420.07,43.7,26.43,16-Nov-99
5.09,42.36,1410.71,44.19,25.47,17-Nov-99
5.08,42.33,1424.94,43.63,24.56,18-Nov-99
5.08,42.86,1422,43.1,24.41,19-Nov-99
5.07,44.76,1420.94,43.88,24.53,22-Nov-99
5.13,44.67,1404.64,43.08,24.44,23-Nov-99
5.13,45.7,1417.08,42.84,24.95,24-Nov-99
5.13,45.41,1416.62,42.45,24.5,26-Nov-99
5.17,44.95,1407.83,41.67,24.83,29-Nov-99
5.15,45.38,1388.91,40.73,24.44,30-Nov-99
5.1,46.45,1397.72,42.1,24.5,1-Dec-99
5.09,47.25,1409.04,42.16,24.44,2-Dec-99
5.09,47.91,1433.3,42.65,25.31,3-Dec-99
5.09,47.57,1423.33,42.95,25.34,6-Dec-99
5.07,46.35,1409.17,43.82,24.26,7-Dec-99
5.06,45.73,1403.88,44.22,24.41,8-Dec-99
5.1,46.23,1408.11,44.93,24.34,9-Dec-99
5.12,46.78,1417.04,46.15,23.68,10-Dec-99
5.21,48.16,1415.22,46.58,23.65,13-Dec-99
5.21,49.19,1403.17,46.91,23.47,14-Dec-99
5.18,54.05,1413.33,45.17,23.92,15-Dec-99
5.22,56.66,1418.78,46.21,24.04,16-Dec-99
5.28,57.44,1421.03,47.54,24.22,17-Dec-99
5.38,56.19,1418.09,47.97,24.44,20-Dec-99
5.42,57.75,1433.43,49.4,24.56,21-Dec-99
5.38,58.59,1436.13,49.55,24.68,22-Dec-99
5.3,58.53,1458.34,49.43,25.55,23-Dec-99
5.28,59.37,1457.1,50.05,25.34,27-Dec-99
5.26,58.56,1457.66,49.35,25.49,28-Dec-99
5.09,58.78,1463.46,49.13,25.59,29-Dec-99
5.01,58.62,1464.47,48.64,25.92,30-Dec-99
5.17,58.19,1469.25,48.56,25.79,31-Dec-99
5.27,58.09,1455.22,47.07,25.34,3-Jan-00
5.27,56.13,1399.42,45.19,24.5,4-Jan-00
5.27,56.72,1402.11,45.11,24.59,5-Jan-00
5.24,54.82,1403.45,45.71,24.62,6-Jan-00
5.22,55.54,1441.47,47.48,26.43,7-Jan-00
5.23,55.95,1457.6,47.47,25.95,10-Jan-00
5.27,54.51,1438.56,47.54,25.25,11-Jan-00
5.28,52.74,1432.25,47.7,25.98,12-Jan-00
5.22,53.73,1449.68,48.25,25.67,13-Jan-00
5.25,55.95,1465.15,47.39,25.04,14-Jan-00
5.23,57.47,1455.14,46.45,26.25,18-Jan-00
5.35,53.33,1455.9,46.67,25.86,19-Jan-00
5.3,52.83,1445.57,45.8,25.27,20-Jan-00
5.3,51.71,1441.36,45.23,24.41,21-Jan-00
5.33,50.46,1401.53,43.35,24.74,24-Jan-00
5.4,51.24,1410.03,43.46,24.26,25-Jan-00
5.41,49.53,1404.09,44.39,23.23,26-Jan-00
5.41,49.22,1398.56,44.48,24.16,27-Jan-00
5.47,48.97,1360.16,42.05,23.95,28-Jan-00
5.53,48.78,1394.46,42.05,24.32,31-Jan-00
5.55,51.31,1409.28,42.68,24.35,1-Feb-00
5.5,50.24,1409.12,42.07,23.77,2-Feb-00
5.43,51.64,1424.97,43.7,23.83,3-Feb-00
5.49,53.11,1424.37,44.42,23.49,4-Feb-00
5.47,53.14,1424.24,42.84,23.43,7-Feb-00
5.52,54.79,1441.72,43.01,23.52,8-Feb-00
5.49,51.83,1411.71,42.07,23.06,9-Feb-00
5.5,52.83,1416.83,42.5,22.97,10-Feb-00
5.48,49.81,1387.12,41.97,22.55,11-Feb-00
5.46,49.65,1389.94,42.17,23,14-Feb-00
5.58,49.12,1402.05,43.15,22.67,15-Feb-00
5.55,48.65,1387.67,42.57,22.63,16-Feb-00
5.57,49.65,1388.26,41.11,22.42,17-Feb-00
5.57,47.38,1346.09,39.26,21.2,18-Feb-00
5.6,46.75,1352.17,40.68,21.53,22-Feb-00
5.64,46.97,1360.69,40.95,21.02,23-Feb-00
5.64,47.22,1353.43,41.11,20.77,24-Feb-00
5.62,45.51,1333.36,39.58,20.99,25-Feb-00
5.66,45.63,1348.05,40.62,20.87,28-Feb-00
5.64,44.54,1366.42,41.54,20.35,29-Feb-00
5.6,45.26,1379.19,41.23,20.33,1-Mar-00
5.59,46.54,1381.76,42.44,20.22,2-Mar-00
5.63,47.91,1409.17,43.74,20.87,3-Mar-00
5.65,45.16,1391.28,43.26,20.5,6-Mar-00
5.65,46.29,1355.62,40.9,20.1,7-Mar-00
5.67,47.63,1366.7,41.01,20.8,8-Mar-00
5.66,49.84,1401.69,40.6,20.35,9-Mar-00
5.68,50.34,1395.07,41.45,20.07,10-Mar-00
5.71,48.84,1383.62,40.74,20.8,13-Mar-00
5.71,47.41,1359.15,39.97,20.04,14-Mar-00
5.69,47.53,1392.14,42.04,21.53,15-Mar-00
5.7,47.53,1458.47,43.75,21.41,16-Mar-00
5.7,49.53,1464.47,44.03,21.81,17-Mar-00
5.73,48.53,1456.63,44.36,21.38,20-Mar-00
5.74,51.21,1493.87,47.37,22.39,21-Mar-00
5.74,51.46,1500.64,47.49,21.51,22-Mar-00
5.73,55.76,1527.35,50.36,21.75,23-Mar-00
5.72,55.67,1527.46,50.06,21.81,24-Mar-00
5.68,51.86,1523.86,49.71,21.6,27-Mar-00
5.71,51.99,1507.73,49.1,21.75,28-Mar-00
5.72,53.42,1508.52,51.3,21.9,29-Mar-00
5.71,51.52,1487.92,49.97,22.79,30-Mar-00
5.72,52.95,1498.58,48.98,22.45,31-Mar-00
5.69,45.29,1505.97,50.67,22.97,3-Apr-00
5.67,44.14,1494.73,48.47,23.98,4-Apr-00
5.7,43.05,1487.37,48.25,24.1,5-Apr-00
5.71,42.86,1501.34,49.38,24.41,6-Apr-00
5.71,44.39,1516.35,49.98,23.52,7-Apr-00
5.69,42.89,1504.46,50.18,24.96,10-Apr-00
5.67,41.8,1500.59,50.87,25.39,11-Apr-00
5.67,39.56,1467.17,49.34,26.21,12-Apr-00
5.64,39.5,1440.51,47.37,26.61,13-Apr-00
5.64,36.94,1356.56,45.87,25.54,14-Apr-00
5.64,37.81,1401.44,47.84,27.89,17-Apr-00
5.64,40.15,1441.61,49.26,27.07,18-Apr-00
5.64,39.22,1427.47,48.94,26.88,19-Apr-00
5.62,39.34,1434.54,49.89,26.95,20-Apr-00
5.6,33.2,1429.86,51.01,27.03,24-Apr-00
5.63,34.57,1477.44,52.25,26.88,25-Apr-00
5.59,33.89,1460.99,51.38,26.88,26-Apr-00
5.58,34.79,1464.92,50.83,26.95,27-Apr-00
5.65,34.76,1452.43,49.49,27,28-Apr-00
5.67,36.6,1468.25,50.16,26.66,1-May-00
5.74,34.82,1446.29,50.69,26.26,2-May-00
5.74,35.17,1415.1,49.12,26.17,3-May-00
5.72,35.11,1409.57,48.47,25.96,4-May-00
5.79,35.45,1432.63,49.73,26.08,5-May-00
5.89,34.79,1424.17,49.52,26.42,8-May-00
5.96,33.8,1412.14,49.22,26.17,9-May-00
5.93,32.99,1383.05,47.81,25.77,10-May-00
5.91,33.83,1407.81,48.1,26.11,11-May-00
5.96,34.29,1420.96,49.34,26.33,12-May-00
5.93,34.57,1452.36,50.99,25.84,15-May-00
6.01,34.64,1466.04,51.22,26.24,16-May-00
5.91,33.74,1447.8,50.64,25.84,17-May-00
5.73,32.99,1437.21,50.17,26.45,18-May-00
5.7,32.43,1406.95,48.99,26.36,19-May-00
5.7,31.99,1400.72,47.21,25.28,22-May-00
5.78,31.49,1373.86,47.21,25.34,23-May-00
5.74,32.67,1399.05,47.92,25.62,24-May-00
5.66,30.65,1381.52,47.92,25,25-May-00
5.65,30.62,1378.02,46.8,23.77,26-May-00
5.6,31.59,1422.45,48.39,24.2,30-May-00
5.49,31.18,1420.6,49.69,23.95,31-May-00
5.56,32.18,1448.81,49.46,24.42,1-Jun-00
5.7,33.05,1477.26,49.81,24.66,2-Jun-00
5.71,33.33,1467.63,48.68,24.97,5-Jun-00
5.82,34.7,1457.84,48.34,24.66,6-Jun-00
5.75,35.14,1471.36,48.51,24.39,7-Jun-00
5.75,34.29,1461.67,48.04,24.17,8-Jun-00
5.75,34.29,1456.95,47.1,24.6,9-Jun-00
5.67,33.33,1446,47.1,24.73,12-Jun-00
5.72,33.83,1469.44,48.34,24.63,13-Jun-00
5.66,35.14,1470.54,48.16,23.8,14-Jun-00
5.65,36.07,1478.73,48.99,22.69,15-Jun-00
5.64,36.16,1464.46,48.28,22.2,16-Jun-00
5.64,36.73,1486,47.45,22.01,19-Jun-00
5.62,37.35,1475.95,48.16,21.21,20-Jun-00
5.64,40.22,1479.13,46.68,21.55,21-Jun-00
5.66,39.81,1452.18,46.03,21.89,22-Jun-00
5.69,38.72,1441.48,47.1,21.92,23-Jun-00
5.65,39.62,1455.31,47.15,21.15,26-Jun-00
5.65,39.28,1450.55,46.5,21.15,27-Jun-00
5.64,39.34,1454.82,47.73,21.7,28-Jun-00
5.67,38.47,1442.39,46.98,22.21,29-Jun-00
5.7,39.87,1454.6,50.04,22.08,30-Jun-00
5.87,39.87,1469.54,49.1,22.57,3-Jul-00
5.81,39.12,1446.23,47.28,23.01,5-Jul-00
5.84,40.34,1456.67,47.52,23.78,6-Jul-00
5.85,40.87,1478.9,48.58,23.75,7-Jul-00
5.88,39.59,1475.62,49.65,24.01,10-Jul-00
5.92,39.43,1480.88,49.47,24.55,11-Jul-00
5.99,40.03,1492.92,50.89,24.81,12-Jul-00
5.98,39.84,1495.84,49.7,24.75,13-Jul-00
5.97,39.34,1509.98,48.76,24.4,14-Jul-00
5.96,38.97,1510.49,50.83,23.8,17-Jul-00
5.97,39.12,1493.74,49.47,24.11,18-Jul-00
5.98,36.44,1481.96,49.94,24.36,19-Jul-00
6,37.29,1495.57,51.42,24.33,20-Jul-00
5.94,36.04,1480.19,51.25,24.33,21-Jul-00
5.97,35.17,1464.29,51.12,24.3,24-Jul-00
6.01,34.39,1474.47,50.71,24.56,25-Jul-00
5.99,33.8,1452.42,49.35,24.27,26-Jul-00
6.02,34.57,1449.62,49.7,24.4,27-Jul-00
6,34.73,1419.89,48.23,23.94,28-Jul-00
6.02,34.79,1430.83,48.94,24.17,31-Jul-00
6.06,34.23,1438.1,49.94,24.33,1-Aug-00
6.05,34.57,1438.7,49.23,24.17,2-Aug-00
6.04,35.01,1452.56,50.06,26.54,3-Aug-00
6.04,34.45,1462.93,50.54,26.42,4-Aug-00
6.04,34.89,1479.32,49.83,26.48,7-Aug-00
6.07,36.94,1482.8,50.89,26.77,8-Aug-00
6.05,37.01,1472.87,52.96,26.77,9-Aug-00
6.06,36.19,1460.25,53.96,26.77,10-Aug-00
6.09,36.1,1471.84,53.55,26.42,11-Aug-00
6.08,35.98,1491.56,53.96,26.31,14-Aug-00
6.08,35.7,1484.43,54.2,25.8,15-Aug-00
6.08,35.39,1479.85,53.78,25.69,16-Aug-00
6.07,35.67,1496.07,53.67,24.55,17-Aug-00
6.07,35.39,1491.72,53.2,25.18,18-Aug-00
6.08,35.2,1499.48,53.55,24.72,21-Aug-00
6.08,35.51,1498.13,53.25,25.4,22-Aug-00
6.09,35.26,1505.97,54.85,24.83,23-Aug-00
6.09,35.45,1508.31,55.8,25.18,24-Aug-00
6.11,35.2,1506.45,56.09,25.06,25-Aug-00
6.13,35.54,1514.09,56.8,23.76,28-Aug-00
6.12,35.36,1509.84,56.69,22.91,29-Aug-00
6.12,34.89,1502.59,54.44,23.47,30-Aug-00
6.11,34.79,1517.68,55.51,21.95,31-Aug-00
6.08,34.98,1520.77,55.38,22.68,1-Sep-00
6.06,34.95,1507.08,54.73,24.9,5-Sep-00
6.01,34.61,1492.25,55.86,23.64,6-Sep-00
6,34.92,1502.51,55.86,23.47,7-Sep-00
5.96,34.54,1494.5,56.69,23.87,8-Sep-00
5.94,34.29,1489.26,56.51,23.59,11-Sep-00
5.91,33.95,1481.99,55.91,22.74,12-Sep-00
5.91,34.02,1484.91,55.91,22.96,13-Sep-00
5.95,32.8,1480.87,55.86,23.47,14-Sep-00
5.96,31.99,1465.81,53.73,23.47,15-Sep-00
5.95,31.4,1444.51,54.44,23.59,18-Sep-00
5.97,32.4,1459.9,53.96,23.36,19-Sep-00
5.97,32.02,1451.34,53.61,22.74,20-Sep-00
5.96,31.99,1449.05,53.25,21.43,21-Sep-00
5.97,31.52,1448.72,54.26,23.25,22-Sep-00
5.98,30.53,1439.03,54.97,23.08,25-Sep-00
5.98,31.24,1427.21,54.91,22.11,26-Sep-00
6.01,30.22,1426.57,56.27,22.46,27-Sep-00
6.05,30.56,1458.29,55.86,22.74,28-Sep-00
6.03,30.06,1436.51,54.86,23.14,29-Sep-00
6.01,29.47,1436.23,55.51,23.64,2-Oct-00
6.05,28.19,1426.46,56.04,23.25,3-Oct-00
6.04,27.63,1434.32,55.87,23.93,4-Oct-00
6.05,27.6,1436.28,56.7,23.54,5-Oct-00
6.05,27.69,1408.99,56.4,22.96,6-Oct-00
6.05,27.01,1402.03,55.51,23.47,9-Oct-00
6.04,27.19,1387.02,55.09,22.79,10-Oct-00
6.04,27.79,1364.59,53.74,21.88,11-Oct-00
6,27.1,1329.78,51.72,21.2,12-Oct-00
6,26.79,1374.17,54.09,23.02,13-Oct-00
6.04,25.11,1374.62,54.8,22.34,16-Oct-00
6.09,25.14,1349.97,52.79,22.17,17-Oct-00
6.12,25.79,1342.13,52.67,22.74,18-Oct-00
6.12,30.84,1388.76,52.79,23.25,19-Oct-00
6.12,32.49,1396.93,49.47,22.74,20-Oct-00
6.15,30.97,1395.78,47.21,22.86,23-Oct-00
6.16,30.65,1398.13,50.65,23.42,24-Oct-00
6.18,30.53,1364.9,50.24,22.79,25-Oct-00
6.16,32.12,1364.44,49.47,22.79,26-Oct-00
6.15,33.74,1379.58,49.58,23.19,27-Oct-00
6.18,34.42,1398.66,51.24,24.33,30-Oct-00
6.15,34.32,1429.4,52.01,23.98,31-Oct-00
6.17,34.7,1421.22,51.66,23.7,1-Nov-00
6.17,35.04,1428.32,50.95,23.93,2-Nov-00
6.19,34.02,1426.69,50.59,23.24,3-Nov-00
6.22,34.64,1432.19,51.72,24.27,6-Nov-00
6.22,35.14,1431.87,52.13,22.95,7-Nov-00
6.21,34.61,1409.28,51.77,22.78,8-Nov-00
6.18,35.32,1400.14,51.77,23.36,9-Nov-00
6.17,33.58,1365.98,51.13,23.01,10-Nov-00
6.17,33.11,1351.26,48.81,23.24,13-Nov-00
6.15,34.29,1382.95,50.06,23.24,14-Nov-00
6.17,34.92,1389.81,49.82,24.1,15-Nov-00
6.15,34.36,1372.32,49.94,22.95,16-Nov-00
6.15,34.42,1367.72,49.23,22.9,17-Nov-00
6.16,33.49,1342.62,47.5,21.58,20-Nov-00
6.17,33.77,1347.35,48.16,22.37,21-Nov-00
6.17,34.02,1322.36,46.08,21.86,22-Nov-00
6.17,34.86,1341.77,46.86,22.09,24-Nov-00
6.13,35.23,1348.97,46.62,22.55,27-Nov-00
6.1,33.39,1336.09,47.27,22.14,28-Nov-00
6.05,32.43,1341.93,47.15,22.44,29-Nov-00
6.01,28.6,1314.95,47.03,20.89,30-Nov-00
6.04,28.22,1315.23,48.4,22.21,1-Dec-00
5.98,28.13,1324.97,48.99,21.86,4-Dec-00
5.9,29.84,1376.54,51.37,22.72,5-Dec-00
5.9,28.25,1351.46,51.19,21.91,6-Dec-00
5.92,26.48,1343.55,50.77,22.03,7-Dec-00
5.9,27.13,1369.89,52.37,22.14,8-Dec-00
5.89,28.94,1380.2,52.49,21.91,11-Dec-00
5.89,29.1,1371.18,50.11,21.69,12-Dec-00
5.43,28.53,1359.99,50.29,21.69,13-Dec-00
5.87,27.66,1340.93,48.81,21.35,14-Dec-00
5.83,24.52,1312.15,47.27,20.66,15-Dec-00
5.78,23.83,1322.74,48.4,21.58,18-Dec-00
5.75,22.33,1305.6,47.57,21.63,19-Dec-00
5.67,20.68,1264.74,45.02,20.31,20-Dec-00
5.22,21.65,1274.86,45.43,22.21,21-Dec-00
5.12,23.15,1305.95,46.38,20.94,22-Dec-00
5.59,23.36,1315.19,46.79,22.03,26-Dec-00
5.6,23.15,1328.92,45.88,21.63,27-Dec-00
5.7,22.21,1334.22,46.12,22.26,28-Dec-00
5.73,21.62,1320.28,45.64,21.52,29-Dec-00
5.68,21.62,1283.27,41.65,22.32,2-Jan-01
5.53,23.89,1347.56,45.52,23.06,3-Jan-01
5.24,24.14,1333.34,45.75,24.73,4-Jan-01
4.97,24.49,1298.35,45.04,24.1,5-Jan-01
5.05,24.39,1295.86,43.37,23.52,8-Jan-01
5.09,25.82,1300.8,42.49,24.27,9-Jan-01
5.14,26.36,1313.27,42.55,24.1,10-Jan-01
5.16,27.41,1326.82,44.33,24.73,11-Jan-01
5.13,26.66,1318.55,43.5,24.21,12-Jan-01
5.21,26.2,1326.65,45.11,24.9,16-Jan-01
5.22,26.39,1329.47,44.45,24.67,17-Jan-01
5.14,27.66,1347.97,45.34,24.96,18-Jan-01
5.09,30.4,1342.54,44.74,24.15,19-Jan-01
5.1,29.97,1342.9,43.55,24.9,22-Jan-01
5.09,30.18,1360.4,44.45,24.79,23-Jan-01
5.13,31.37,1364.3,44.09,25.48,24-Jan-01
5.12,30.81,1357.51,43.74,25.76,25-Jan-01
5.03,31.9,1354.95,42.49,25.98,26-Jan-01
4.98,32.15,1364.17,42.25,26.25,29-Jan-01
4.88,31.59,1373.73,44.03,26.26,30-Jan-01
4.84,30.43,1366.01,43.77,26.16,31-Jan-01
4.85,31.09,1373.47,44.01,26.33,1-Feb-01
4.92,30.31,1349.47,44.06,25.99,2-Feb-01
4.95,30.87,1354.31,45.55,26.4,5-Feb-01
4.93,31.18,1352.26,45.32,26.67,6-Feb-01
4.93,32.24,1340.89,44.7,25.3,7-Feb-01
4.94,31.03,1332.53,44.88,25.99,8-Feb-01
4.91,29.47,1314.76,43.47,24.98,9-Feb-01
4.92,29.28,1330.31,45.23,25.8,12-Feb-01
4.91,29,1318.8,44.9,25.91,13-Feb-01
4.93,29.1,1315.92,44.04,25.85,14-Feb-01
4.94,29.31,1326.61,45.68,25.98,15-Feb-01
4.88,28.56,1301.53,44.74,25.61,16-Feb-01
4.91,27.85,1278.94,45.4,25.72,20-Feb-01
4.88,28.03,1255.27,45.03,25.69,21-Feb-01
4.87,27.51,1252.82,44.84,25.53,22-Feb-01
4.75,28.28,1245.86,43.96,26.31,23-Feb-01
4.7,29.68,1267.65,45.68,26.54,26-Feb-01
4.68,29.59,1257.94,45.7,26.38,27-Feb-01
4.72,29.41,1239.94,44.27,25.81,28-Feb-01
4.7,29.58,1241.23,43.71,26.18,1-Mar-01
4.71,28.25,1234.18,42.43,26.04,2-Mar-01
4.72,28.63,1241.41,43.07,26.26,5-Mar-01
4.65,29.62,1253.8,43.4,26.95,6-Mar-01
4.56,30.25,1261.89,43.93,26.99,7-Mar-01
4.55,29.53,1264.74,43.83,28.17,8-Mar-01
4.6,28.25,1233.42,41.86,27.93,9-Mar-01
4.54,25.89,1180.16,37.84,28.07,12-Mar-01
4.51,27.01,1197.66,40.44,27.69,13-Mar-01
4.42,26.91,1166.71,39.2,26.62,14-Mar-01
4.38,26.76,1173.56,39.25,26.54,15-Mar-01
4.41,27.19,1150.53,38.79,26.38,16-Mar-01
4.44,27.07,1170.81,39.27,27.66,19-Mar-01
4.38,26.26,1142.62,38.27,26.75,20-Mar-01
4.19,24.95,1122.14,37.26,26.22,21-Mar-01
4.15,26.91,1117.58,36.02,25.81,22-Mar-01
4.17,28.19,1139.83,38.21,25.89,23-Mar-01
4.15,27.94,1152.69,38.44,26.9,26-Mar-01
4.24,29.03,1182.17,40.04,26.1,27-Mar-01
4.23,27.69,1153.29,39.7,25.93,28-Mar-01
4.22,27.6,1147.95,39.56,26.44,29-Mar-01
4.18,27.26,1160.33,40,26.1,30-Mar-01
4.15,27.82,1145.87,39.94,26.55,2-Apr-01
4.04,26.6,1106.46,37.91,25.4,3-Apr-01
4,25.89,1103.25,37.84,26.51,4-Apr-01
3.99,28.28,1151.44,40.22,26.31,5-Apr-01
3.84,28,1128.43,39.34,25.8,6-Apr-01
3.83,28.48,1137.59,40.13,26.91,9-Apr-01
3.83,29.74,1168.38,41.88,26.88,10-Apr-01
3.98,29.92,1165.89,41.34,26.15,11-Apr-01
3.9,30.99,1183.5,42.71,26.91,12-Apr-01
4.03,30.3,1179.68,42.66,27.08,16-Apr-01
4,30.64,1191.81,43.43,26.8,17-Apr-01
3.8,32.61,1238.16,45.76,28.5,18-Apr-01
3.76,33.91,1253.69,46.35,28.12,19-Apr-01
3.67,34.39,1242.98,45.96,27.84,20-Apr-01
3.63,34.02,1224.36,45.1,27.9,23-Apr-01
3.69,33.67,1209.47,43.94,27.53,24-Apr-01
3.74,34.73,1228.75,45.68,26.73,25-Apr-01
3.73,34.45,1234.52,47.1,27.1,26-Apr-01
3.74,33.45,1253.05,47.72,27.48,27-Apr-01
3.83,33.77,1249.46,46.37,27.64,30-Apr-01
3.81,34.97,1266.44,46.73,26.53,1-May-01
3.79,34.77,1267.43,46.91,27.42,2-May-01
3.75,34.16,1248.58,46.34,26.91,3-May-01
3.64,35.26,1266.61,47.71,27.26,4-May-01
3.62,35.58,1263.51,47.73,26.67,7-May-01
3.59,35.91,1261.2,47.28,26.4,8-May-01
3.63,35.09,1255.54,47.23,26.33,9-May-01
3.62,34.89,1255.18,47.61,26.64,10-May-01
3.68,34.59,1245.67,46.83,26.08,11-May-01
3.61,34.25,1248.92,47.51,26.06,14-May-01
3.54,34.03,1249.44,47.92,26.21,15-May-01
3.48,34.47,1284.99,49.88,26.33,16-May-01
3.48,33.98,1288.49,49.79,25.84,17-May-01
3.51,33.94,1291.96,50.63,25.43,18-May-01
3.54,34.28,1312.83,51.02,24.98,21-May-01
3.56,35.04,1309.38,50.33,24.36,22-May-01
3.56,34.74,1289.05,49.06,24.18,23-May-01
3.6,35.75,1293.17,49.11,24.05,24-May-01
3.57,35.34,1277.89,47.72,23.19,25-May-01
3.6,35.06,1267.93,47.46,23.43,29-May-01
3.59,34.48,1248.08,46.84,23.06,30-May-01
3.54,34.48,1255.82,46.82,22.83,31-May-01
3.54,35.06,1260.67,46.82,23.05,1-Jun-01
3.59,35.28,1267.11,47.25,23.05,4-Jun-01
3.53,36.18,1283.57,46.99,22.71,5-Jun-01
3.53,36.06,1270.03,46.58,22.71,6-Jun-01
3.52,36.72,1276.96,46.73,22.63,7-Jun-01
3.53,36.48,1264.96,46,22.5,8-Jun-01
3.51,35.94,1254.39,45.29,23.28,11-Jun-01
3.47,35.92,1255.85,46.6,23.12,12-Jun-01
3.46,35.23,1241.6,45.72,23.04,13-Jun-01
3.44,34.34,1219.87,46.68,22.95,14-Jun-01
3.43,33.9,1214.36,46.64,22.58,15-Jun-01
3.4,33.33,1208.43,46.82,23.44,18-Jun-01
3.41,33.55,1212.58,46.69,23.19,19-Jun-01
3.41,34.59,1223.14,48.51,23.11,20-Jun-01
3.42,34.81,1237.04,48.97,24.28,21-Jun-01
3.36,34.3,1225.35,49.55,23.62,22-Jun-01
3.36,34.31,1218.6,48.01,23.51,25-Jun-01
3.41,34.96,1216.76,46.62,23.24,26-Jun-01
3.41,35.46,1211.07,46.11,22.75,27-Jun-01
3.55,36.25,1226.2,46.69,23.26,28-Jun-01
3.56,36.38,1224.38,46.82,23.02,29-Jun-01
3.56,35.19,1236.72,47.96,23.52,2-Jul-01
3.57,35.12,1234.45,47.3,23.48,3-Jul-01
3.56,34.15,1219.24,46.46,23.47,5-Jul-01
3.52,32.92,1190.59,44.95,22.76,6-Jul-01
3.55,32.74,1198.78,44.91,22.85,9-Jul-01
3.53,32.14,1181.52,43.86,23.2,10-Jul-01
3.49,33.14,1180.18,42.76,23.74,11-Jul-01
3.51,35.69,1208.14,45.05,23.68,12-Jul-01
3.52,35.56,1215.68,45.48,24,13-Jul-01
3.54,35.48,1202.45,44.3,23.44,16-Jul-01
3.51,35.79,1214.44,44.2,24.11,17-Jul-01
3.44,35.17,1207.71,44.24,23.76,18-Jul-01
3.45,36.17,1215.02,44.55,24.04,19-Jul-01
3.44,34.48,1210.85,44.7,24.15,20-Jul-01
3.46,33.44,1191.03,43.42,23.93,23-Jul-01
3.47,33.05,1171.65,42.18,23.65,24-Jul-01
3.46,33.63,1190.49,41.98,23.91,25-Jul-01
3.48,33.19,1202.93,41.94,23.52,26-Jul-01
3.46,32.63,1205.82,42.8,23.68,27-Jul-01
3.47,32.79,1204.52,41.79,23.59,30-Jul-01
3.44,32.99,1211.23,41.7,23.88,31-Jul-01
3.43,33.13,1215.93,41.03,23.75,1-Aug-01
3.43,33.62,1220.75,40.45,23.83,2-Aug-01
3.43,33.34,1214.35,40.98,23.67,3-Aug-01
3.43,32.96,1200.48,39.67,23.38,6-Aug-01
3.42,33.07,1204.4,41,23.48,7-Aug-01
3.4,32.33,1183.53,39.92,23.12,8-Aug-01
3.37,32.4,1183.43,40.16,23.12,9-Aug-01
3.35,32.65,1190.16,40.81,23.5,10-Aug-01
3.35,32.81,1191.29,40.48,22.52,13-Aug-01
3.35,32.24,1186.73,40.12,21.81,14-Aug-01
3.34,31.5,1178.02,40.05,21.39,15-Aug-01
3.31,32.21,1181.66,39.88,22.27,16-Aug-01
3.29,30.84,1161.97,39.11,20.59,17-Aug-01
3.34,31.25,1171.41,39.81,19.35,20-Aug-01
3.3,30.29,1157.26,38.79,19.07,21-Aug-01
3.3,30.23,1165.31,39.16,19.27,22-Aug-01
3.31,29.47,1162.09,39.34,19.05,23-Aug-01
3.33,30.93,1184.93,40.25,19.34,24-Aug-01
3.35,31.06,1179.21,40.42,19.21,27-Aug-01
3.33,30.27,1161.51,39.52,19.28,28-Aug-01
3.33,30.03,1148.56,38.93,19.15,29-Aug-01
3.28,28.38,1129.03,38.53,18.75,30-Aug-01
3.28,28.43,1133.58,39.2,18.85,31-Aug-01
3.36,27.96,1132.94,39.14,19.21,4-Sep-01
3.32,28.78,1131.74,39.97,18.95,5-Sep-01
3.27,27.92,1106.4,38.82,18.4,6-Sep-01
3.18,27.61,1085.78,38.02,17.8,7-Sep-01
3.18,28.7,1092.54,37.72,18.4,10-Sep-01
2.61,26.37,1038.77,33.69,15.7,17-Sep-01
2.45,27.07,1032.74,32.45,16.06,18-Sep-01
2.41,26.85,1016.1,31.15,15.59,19-Sep-01
2.21,25.3,984.54,29.11,14.69,20-Sep-01
2.2,24.78,965.8,30,14.55,21-Sep-01
2.32,25.92,1003.45,33.74,15.59,24-Sep-01
2.34,25.57,1012.27,34.03,15.29,25-Sep-01
2.34,25.05,1007.04,34.16,15.54,26-Sep-01
2.33,24.9,1018.61,34.62,15.71,27-Sep-01
2.3,25.5,1040.94,35.82,16.46,28-Sep-01
2.3,25.81,1038.55,36.24,16.36,1-Oct-01
2.27,26.44,1051.33,36.64,16.89,2-Oct-01
2.18,28.02,1072.28,36.73,17.03,3-Oct-01
2.17,28.13,1069.63,36,16.36,4-Oct-01
2.15,28.77,1071.38,36.06,16.76,5-Oct-01
2.15,28.93,1062.44,35.43,16.4,8-Oct-01
2.17,27.19,1056.75,35.45,16.65,9-Oct-01
2.18,27.67,1080.99,36.5,17.2,10-Oct-01
2.22,28.07,1097.43,37.5,17.08,11-Oct-01
2.19,28.1,1091.65,37.55,16.82,12-Oct-01
2.21,28.94,1089.98,37.42,16.82,15-Oct-01
2.16,29.13,1097.54,37.04,16.77,16-Oct-01
2.17,27.93,1077.09,35.77,16.25,17-Oct-01
2.15,28.28,1068.61,35.87,15.91,18-Oct-01
2.15,28.86,1073.48,35.87,15.66,19-Oct-01
2.18,29.98,1089.9,36.21,15.7,22-Oct-01
2.15,30.12,1084.78,35.89,16,23-Oct-01
2.12,30.56,1085.2,35.7,15.24,24-Oct-01
2.1,31.18,1100.09,36.46,15.67,25-Oct-01
2.1,31,1104.61,37.44,15.81,26-Oct-01
2.06,29.72,1078.3,36.04,15.38,29-Oct-01
1.99,29.35,1059.79,34.99,15.23,30-Oct-01
2.01,28.98,1059.78,35.06,15.37,31-Oct-01
2.01,30.82,1084.1,36.5,15.68,1-Nov-01
1.95,30.6,1087.2,36.55,15.6,2-Nov-01
1.97,31.53,1102.84,37.33,15.49,5-Nov-01
1.82,32.29,1118.86,38.32,15.69,6-Nov-01
1.76,32.02,1115.8,37.89,15.59,7-Nov-01
1.81,32.11,1118.54,38.85,16.06,8-Nov-01
1.8,32.5,1120.31,38.91,15.76,9-Nov-01
1.8,32.79,1118.33,37.97,15.52,12-Nov-01
1.8,33.84,1139.09,39.05,15.73,13-Nov-01
1.84,32.87,1141.21,39.36,15.65,14-Nov-01
1.87,32.95,1142.24,40.01,16.06,15-Nov-01
1.89,32.77,1138.65,39.33,16.33,16-Nov-01
1.9,33.16,1151.06,39.72,16.81,19-Nov-01
1.9,32.6,1142.66,39.57,16.55,20-Nov-01
1.91,31.92,1137.03,38.95,16.4,21-Nov-01
1.93,32.25,1150.34,39.5,17.12,23-Nov-01
1.94,32.47,1157.42,39.79,17.79,26-Nov-01
1.86,31.77,1149.5,39.55,17.51,27-Nov-01
1.83,31.3,1128.52,37.89,17.15,28-Nov-01
1.76,32.32,1140.2,38.26,17.49,29-Nov-01
1.73,32,1139.45,37.07,18.14,30-Nov-01
1.74,32.28,1129.9,35.55,17.05,3-Dec-01
1.71,32.89,1144.8,35.96,16.99,4-Dec-01
1.73,33.94,1170.35,36.16,16.08,5-Dec-01
1.71,34.22,1167.1,36.35,16.62,6-Dec-01
1.65,33.81,1158.31,35.77,16.4,7-Dec-01
1.68,33.42,1139.93,35.43,15.95,10-Dec-01
1.61,33.55,1136.76,35.42,15.95,11-Dec-01
1.64,33.87,1137.07,35.67,15.94,12-Dec-01
1.66,33.03,1119.38,35.67,15.48,13-Dec-01
1.68,33.61,1123.09,36.25,15.42,14-Dec-01
1.71,34.38,1134.36,36.88,14.36,17-Dec-01
1.68,34.52,1142.92,38.25,14.44,18-Dec-01
1.67,34.63,1149.56,39.27,14.3,19-Dec-01
1.64,33.27,1139.93,39.32,14.6,20-Dec-01
1.66,33.66,1144.89,39.82,14.8,21-Dec-01
1.69,33.53,1144.65,39.66,14.68,24-Dec-01
1.71,33.73,1149.37,39.04,14.75,26-Dec-01
1.7,33.82,1157.13,39.61,15.07,27-Dec-01
1.68,33.83,1161.02,39.39,15.27,28-Dec-01
1.67,33.02,1148.08,38.76,15.05,31-Dec-01
1.7,33.41,1154.67,39.61,15.53,2-Jan-02
1.69,34.5,1165.27,39.28,16.02,3-Jan-02
1.68,34.34,1172.51,39.61,16.22,4-Jan-02
1.66,34.17,1164.89,38.07,15.8,7-Jan-02
1.65,34.58,1160.71,37.67,15.86,8-Jan-02
1.65,34.24,1155.14,37.28,15.62,9-Jan-02
1.65,34.53,1156.55,37.34,14.64,10-Jan-02
1.59,34.19,1145.6,36.98,14.84,11-Jan-02
1.54,34.13,1138.41,36.66,14.7,14-Jan-02
1.56,34.66,1146.19,37.44,14.4,15-Jan-02
1.57,33.83,1127.57,36.48,14.33,16-Jan-02
1.6,34.82,1138.88,37.48,14.08,17-Jan-02
1.58,32.94,1127.58,37.41,13.89,18-Jan-02
1.64,32.13,1119.31,37.04,13.82,22-Jan-02
1.67,31.77,1128.18,36.41,13.92,23-Jan-02
1.67,32.2,1132.15,36.32,13.84,24-Jan-02
1.68,31.8,1133.28,37,13.99,25-Jan-02
1.69,31.81,1133.06,36.9,14.52,28-Jan-02
1.7,31.06,1100.64,35.26,14.39,29-Jan-02
1.69,31.32,1113.57,35.67,14.34,30-Jan-02
1.72,31.75,1130.2,35.93,14.75,31-Jan-02
1.71,31.23,1122.2,35.64,14.37,1-Feb-02
1.72,30.46,1094.44,33.85,14.11,4-Feb-02
1.72,30.48,1090.02,35.02,13.54,5-Feb-02
1.7,30.1,1083.51,35.75,13.6,6-Feb-02
1.69,29.8,1080.17,35.98,14.01,7-Feb-02
1.67,30.23,1096.22,36.03,13.87,8-Feb-02
1.7,30.47,1111.94,36.56,13.79,11-Feb-02
1.71,29.97,1107.5,36.27,13.83,12-Feb-02
1.71,30.81,1118.51,36.85,14.45,13-Feb-02
1.71,30.74,1116.48,36.75,14.17,14-Feb-02
1.7,30.02,1104.18,35.89,14.1,15-Feb-02
1.7,29.37,1083.34,35.21,13.77,19-Feb-02
1.72,29.85,1097.98,36.34,13.98,20-Feb-02
1.72,28.93,1080.95,36.29,14.15,21-Feb-02
1.72,28.9,1089.84,36.84,14.06,22-Feb-02
1.73,29.45,1109.43,37.91,14.69,25-Feb-02
1.73,29.18,1109.38,37.48,14.99,26-Feb-02
1.73,29.1,1109.89,37.65,14.75,27-Feb-02
1.72,29.08,1106.73,37.41,14.35,28-Feb-02
1.75,30.59,1131.78,38.33,15.08,1-Mar-02
1.75,31.55,1153.84,39.06,15.59,4-Mar-02
1.75,31.44,1146.14,39.35,15.18,5-Mar-02
1.74,31.71,1162.77,40.37,15.77,6-Mar-02
1.75,31.26,1157.54,39.79,16.31,7-Mar-02
1.77,31.87,1164.31,39.45,16.21,8-Mar-02
1.79,32.07,1168.26,39.99,16.58,11-Mar-02
1.8,31.17,1165.58,39.94,16.4,12-Mar-02
1.79,30.95,1154.09,38.87,16.5,13-Mar-02
1.81,30.51,1153.04,39.27,16.31,14-Mar-02
1.82,31.14,1166.16,39.05,16.32,15-Mar-02
1.82,30.97,1165.55,38.77,16.46,18-Mar-02
1.8,31.02,1170.29,38.77,16.57,19-Mar-02
1.81,29.95,1151.85,37.7,15.91,20-Mar-02
1.81,30.58,1153.59,36.39,16.1,21-Mar-02
1.8,30.13,1148.7,36.8,16.07,22-Mar-02
1.78,29.52,1131.87,35.99,15.48,25-Mar-02
1.79,29.45,1138.49,36.25,15.51,26-Mar-02
1.78,29.62,1144.58,36.39,15.52,27-Mar-02
1.74,30.06,1147.39,36.34,15.9,28-Mar-02
1.76,30.09,1146.54,36.24,15.17,1-Apr-02
1.76,28.55,1136.76,36.05,14.82,2-Apr-02
1.75,28.07,1125.4,35.71,14.52,3-Apr-02
1.74,28.13,1126.34,36.24,14.6,4-Apr-02
1.72,27.85,1122.73,36.05,14.51,5-Apr-02
1.71,28.52,1125.29,35.82,14.57,8-Apr-02
1.69,27.35,1117.8,35.42,14.49,9-Apr-02
1.67,28.06,1130.47,36.15,15.04,10-Apr-02
1.67,27.31,1103.69,32.79,14.37,11-Apr-02
1.67,27.88,1111.01,32.6,14.79,12-Apr-02
1.67,27.76,1102.55,30.95,14.52,15-Apr-02
1.7,28.81,1128.37,32.16,15.29,16-Apr-02
1.69,28.22,1126.07,32.7,15.6,17-Apr-02
1.67,28.09,1124.47,32.84,15.3,18-Apr-02
1.7,28.51,1125.17,32.75,15.77,19-Apr-02
1.68,27.71,1107.83,31.93,15.48,22-Apr-02
1.7,26.91,1100.96,31.87,15.86,23-Apr-02
1.68,26.42,1093.14,31.58,15.64,24-Apr-02
1.7,26.78,1091.48,31.14,15.74,25-Apr-02
1.7,25.67,1076.32,30.61,15.72,26-Apr-02
1.72,26.04,1065.45,29.98,15.29,29-Apr-02
1.73,26.05,1076.92,30.66,15.43,30-Apr-02
1.72,26.29,1086.46,30.8,15.85,1-May-02
1.73,25.52,1084.56,30.71,15.62,2-May-02
1.72,24.7,1073.43,30.8,15.61,3-May-02
1.73,24.23,1052.67,30.09,15.46,6-May-02
1.71,24.66,1049.49,29.78,15.18,7-May-02
1.73,27.4,1088.85,31.92,15.52,8-May-02
1.73,25.98,1073.01,30.6,15.47,9-May-02
1.73,24.94,1054.99,29.78,15.36,10-May-02
1.73,26.26,1074.56,29.98,15.71,13-May-02
1.74,27.35,1097.28,30.69,16,14-May-02
1.73,27.29,1091.07,30.05,16.15,15-May-02
1.74,27.78,1098.23,31.09,16.09,16-May-02
1.72,27.93,1106.59,32.5,16.22,17-May-02
1.71,26.92,1091.88,31.68,16.23,20-May-02
1.7,26.01,1079.88,31.24,17.06,21-May-02
1.7,26.76,1086.02,31.02,17.65,22-May-02
1.7,27.32,1097.08,32.02,17.54,23-May-02
1.71,26.54,1083.82,31.68,17.21,24-May-02
1.72,26.08,1074.55,31.14,17.07,28-May-02
1.72,25.94,1067.66,30.51,17.2,29-May-02
1.71,26.24,1060.11,30.32,17.07,30-May-02
1.71,25.37,1067.14,30.26,17.13,31-May-02
1.72,24.63,1040.68,29.26,16.8,3-Jun-02
1.72,24.91,1040.69,29.2,16.42,4-Jun-02
1.72,25.75,1049.9,29.3,16.45,5-Jun-02
1.71,25.87,1029.15,28.47,16.25,6-Jun-02
1.71,25.91,1027.53,29.35,16.06,7-Jun-02
1.71,26.33,1030.74,29.1,16.29,10-Jun-02
1.71,26.2,1013.6,28.57,16.32,11-Jun-02
1.7,27.68,1020.26,29.49,16.18,12-Jun-02
1.68,27.02,1009.56,29,15.99,13-Jun-02
1.67,27.54,1007.27,28.86,15.42,14-Jun-02
1.69,27.75,1036.17,29.65,15.87,17-Jun-02
1.69,27.91,1037.14,30.27,16.42,18-Jun-02
1.67,27.09,1019.99,29.49,15.99,19-Jun-02
1.69,26.96,1006.29,28.86,15.26,20-Jun-02
1.68,26.06,989.14,28.13,15.06,21-Jun-02
1.69,26.99,992.72,28.76,15.38,24-Jun-02
1.69,26.39,976.14,28.08,15.57,25-Jun-02
1.66,26.98,973.53,28.84,15.28,26-Jun-02
1.66,27.26,989.82,28.4,15.52,28-Jun-02
1.68,26.25,968.65,27.82,15.06,1-Jul-02
1.68,25.64,948.09,27.48,15.29,2-Jul-02
1.68,25.84,953.99,27.28,14.85,3-Jul-02
1.68,27.34,989.03,29.03,15.22,5-Jul-02
1.69,26.38,976.98,28.78,14.7,8-Jul-02
1.68,26.52,952.83,27.67,14.66,9-Jul-02
1.69,26.04,920.47,26.45,13.57,10-Jul-02
1.68,26.37,927.37,26.74,12.79,11-Jul-02
1.67,25.85,921.39,27.96,12.24,12-Jul-02
1.67,25.82,917.93,27.62,12.42,15-Jul-02
1.67,25.54,900.94,26.94,12.13,16-Jul-02
1.69,25.92,906.04,27.62,12.15,17-Jul-02
1.69,25.47,881.56,27.08,12.43,18-Jul-02
1.67,24.7,847.75,25.93,12.02,19-Jul-02
1.67,23.68,819.85,25.09,11.91,22-Jul-02
1.66,21.44,797.7,24.25,11.74,23-Jul-02
1.64,23.04,843.43,25.94,12.26,24-Jul-02
1.66,21.35,838.68,26.06,12.19,25-Jul-02
1.65,22.6,852.84,27.18,12.23,26-Jul-02
1.68,24.05,898.96,29.77,12.74,29-Jul-02
1.68,23.97,902.78,30.9,12.81,30-Jul-02
1.66,23.91,911.62,31.48,13.17,31-Jul-02
1.64,22.8,884.66,30.7,12.76,1-Aug-02
1.59,22.13,864.24,28.84,12.17,2-Aug-02
1.6,21.92,834.6,27.67,11.5,5-Aug-02
1.61,22.76,859.57,28.99,11.89,6-Aug-02
1.56,23.47,876.77,30.07,12.01,7-Aug-02
1.58,24.38,905.46,31.24,11.65,8-Aug-02
1.58,23.98,908.64,31.68,11.58,9-Aug-02
1.63,24.16,903.8,31.53,11.38,12-Aug-02
1.6,23.45,884.21,30.26,11.18,13-Aug-02
1.6,24.78,919.62,31.19,11.1,14-Aug-02
1.59,24.92,928.77,30.85,11.14,16-Aug-02
1.62,25.92,950.7,32.16,11.86,19-Aug-02
1.58,25.44,937.43,31.53,11.64,20-Aug-02
1.6,26.06,949.36,31.58,11.73,21-Aug-02
1.61,26.53,962.7,31.97,11.9,22-Aug-02
1.62,26.03,940.86,31.53,11.52,23-Aug-02
1.62,25.97,947.95,31.36,11.81,26-Aug-02
1.64,25.34,934.82,31.24,11.62,27-Aug-02
1.64,24.61,917.87,30.6,11.37,28-Aug-02
1.64,25.21,917.8,29.68,11.37,29-Aug-02
1.64,24.46,916.07,29.48,11.51,30-Aug-02
1.61,23.43,878.02,27.83,10.7,3-Sep-02
1.59,24.03,893.4,28.06,10.8,4-Sep-02
1.58,22.88,879.15,27.38,10.45,5-Sep-02
1.62,23.83,893.92,27.67,9.97,6-Sep-02
1.64,24.27,902.96,28.14,10.56,9-Sep-02
1.63,24.82,909.58,28.43,10.66,10-Sep-02
1.65,24.21,909.45,28.36,10.91,11-Sep-02
1.65,23.5,886.91,27.38,10.65,12-Sep-02
1.65,23.88,889.81,26.45,10.41,13-Sep-02
1.66,23.57,873.52,27.08,10.24,17-Sep-02
1.64,23.8,869.46,26.74,10.03,18-Sep-02
1.62,23.52,843.32,25.96,9.65,19-Sep-02
1.61,23.65,845.39,26.16,9.55,20-Sep-02
1.62,22.54,833.7,25.81,9.44,23-Sep-02
1.61,22.75,819.29,25.32,9.13,24-Sep-02
1.62,23.18,839.66,26.58,9.75,25-Sep-02
1.62,23.03,854.95,25.98,9.88,26-Sep-02
1.6,22.55,827.37,24.09,9.42,27-Sep-02
1.53,21.8,815.28,24.27,9.58,30-Sep-02
1.55,23.04,847.91,25.8,9.68,1-Oct-02
1.54,22.73,827.91,24.42,9.12,2-Oct-02
1.53,22.33,818.95,24.24,8.96,3-Oct-02
1.57,21.81,800.58,23.64,8.47,4-Oct-02
1.58,21.95,785.28,22.6,8.31,7-Oct-02
1.57,22.42,798.55,22.99,7.58,8-Oct-02
1.53,21.92,776.76,21.66,6.99,9-Oct-02
1.54,23.12,803.92,22.25,7.43,10-Oct-02
1.55,24.36,835.32,23.84,8.13,11-Oct-02
1.54,24.57,841.44,23.98,7.75,14-Oct-02
1.62,26.06,881.27,25.8,8.67,15-Oct-02
1.62,25.12,860.02,25.21,8.08,16-Oct-02
1.63,25.3,879.2,26.48,8.3,17-Oct-02
1.63,26.49,884.39,26.24,8.08,18-Oct-02
1.66,26.17,899.72,26.73,9.34,21-Oct-02
1.66,25.75,890.16,26.65,9.19,22-Oct-02
1.64,26.51,896.14,26.49,8.97,23-Oct-02
1.62,25.53,882.5,25.6,8.66,24-Oct-02
1.6,26.26,897.65,25.84,8.53,25-Oct-02
1.55,25.89,890.23,25.85,8.58,28-Oct-02
1.47,25.95,882.15,25.45,8.16,29-Oct-02
1.47,26.47,890.71,24.76,8.33,30-Oct-02
1.42,26.65,885.76,24.86,8.37,31-Oct-02
1.4,26.42,900.96,25.6,8.34,1-Nov-02
1.41,27.96,908.35,26.09,8.47,4-Nov-02
1.39,28.25,915.39,26.09,8.81,5-Nov-02
1.21,28.42,923.76,26.19,9.25,6-Nov-02
1.2,27.92,902.65,25.71,8.71,7-Nov-02
1.2,27.46,894.74,24.71,8.65,8-Nov-02
1.2,26.84,876.19,23.84,8.41,11-Nov-02
1.19,27.17,882.95,23.48,8.54,12-Nov-02
1.19,27.59,882.53,23.72,8.43,13-Nov-02
1.19,28.4,904.27,24.12,8.71,14-Nov-02
1.2,28.25,909.83,23.49,8.56,15-Nov-02
1.2,27.84,900.36,23.24,8.71,18-Nov-02
1.19,27.34,896.74,23.53,8.46,19-Nov-02
1.2,28.22,914.15,24.42,8.84,20-Nov-02
1.2,28.83,933.76,26.44,10.21,21-Nov-02
1.2,29.02,930.55,26.04,10.1,22-Nov-02
1.2,29.02,932.87,26.39,10.77,25-Nov-02
1.2,28.36,913.31,25.94,10.71,26-Nov-02
1.21,28.95,938.87,26.73,10.91,27-Nov-02
1.2,28.75,936.31,26.7,11.26,29-Nov-02
1.21,28.75,934.53,26.78,11.33,2-Dec-02
1.2,28.26,920.75,26.34,9.86,3-Dec-02
1.19,28.18,906.55,25.4,9.92,5-Dec-02
1.18,27.58,912.23,25.65,9.78,6-Dec-02
1.2,27.65,892,25.11,9.35,9-Dec-02
1.19,26.68,904.45,25.53,9.52,10-Dec-02
1.18,26.92,904.96,25.74,9.58,11-Dec-02
1.18,27.24,901.58,25.5,9.75,12-Dec-02
1.19,27,889.48,25.11,9.6,13-Dec-02
1.2,26.17,910.4,26.02,9.84,16-Dec-02
1.19,27.15,902.99,25.6,9.78,17-Dec-02
1.18,27.09,891.12,25.27,9.61,18-Dec-02
1.18,26.68,884.25,25.01,9.68,19-Dec-02
1.18,26.47,895.76,25.55,9.68,20-Dec-02
1.16,26.43,897.38,25.33,9.53,23-Dec-02
1.16,26.91,892.47,24.94,9.5,24-Dec-02
1.15,26.82,889.66,24.91,9.69,26-Dec-02
1.13,26.61,875.4,24.5,9.48,27-Dec-02
1.16,26.4,879.39,24.31,9.5,30-Dec-02
1.18,26.29,879.82,24.16,9.2,31-Dec-02
1.19,25.77,909.03,25.28,9.84,2-Jan-03
1.19,26.77,908.59,25.2,9.58,3-Jan-03
1.18,26.81,929.01,25.84,9.96,6-Jan-03
1.17,27.3,922.93,25.69,10.02,7-Jan-03
1.17,27.81,909.93,25.3,9.91,8-Jan-03
1.18,27.03,927.57,25.69,10.12,9-Jan-03
1.17,27.82,927.57,25.45,10.39,10-Jan-03
1.17,27.87,926.26,25.44,10.47,13-Jan-03
1.17,28.1,931.66,25.51,10.42,14-Jan-03
1.17,28.39,918.22,24.99,10.19,15-Jan-03
1.16,28.04,914.6,24.83,10.32,16-Jan-03
1.15,27.59,901.78,24.68,10.05,17-Jan-03
1.15,25.65,887.62,23.87,10.03,21-Jan-03
1.14,25.58,878.36,23.36,9.64,22-Jan-03
1.14,25.42,887.34,23.76,9.91,23-Jan-03
1.13,26.06,861.4,22.88,9.65,24-Jan-03
1.14,24.85,847.48,22.87,9.37,27-Jan-03
1.15,24.51,858.54,22.97,9.47,28-Jan-03
1.15,24.33,864.36,22.85,9.39,29-Jan-03
1.15,24.88,844.61,22.37,9.01,30-Jan-03
1.15,24.04,855.7,22.96,9.11,31-Jan-03
1.15,23.65,860.32,23.46,9.2,3-Feb-03
1.15,24.2,848.2,22.87,9.01,4-Feb-03
1.15,23.58,843.59,22.82,9.09,5-Feb-03
1.14,23.4,838.15,22.71,8.99,6-Feb-03
1.14,23.63,829.69,22.52,8.8,7-Feb-03
1.15,23.22,835.97,22.45,8.95,10-Feb-03
1.15,23.61,829.2,22.32,8.85,11-Feb-03
1.15,23.15,818.68,22.07,8.75,12-Feb-03
1.15,23.15,817.37,21.99,8.44,13-Feb-03
1.15,23.42,834.89,22.3,8.69,14-Feb-03
1.15,24.07,851.17,22.73,8.93,18-Feb-03
1.16,24.88,845.13,23.17,8.82,19-Feb-03
1.16,24.53,837.1,23.17,8.65,20-Feb-03
1.17,24.14,848.17,23.61,8.44,21-Feb-03
1.17,24.63,832.58,23.23,8.29,24-Feb-03
1.17,24.07,838.57,23.79,8.08,25-Feb-03
1.18,24.19,827.55,23.37,8.11,26-Feb-03
1.18,23.61,837.28,23.9,8.33,27-Feb-03
1.17,23.58,841.15,24.05,8.32,28-Feb-03
1.17,23.7,834.81,23.9,8.07,3-Mar-03
1.16,23.54,821.99,23.4,7.74,4-Mar-03
1.15,23.07,829.85,23.8,7.76,5-Mar-03
1.15,23.44,822.1,23.95,7.45,6-Mar-03
1.1,23.27,828.89,24.3,7.22,7-Mar-03
1.06,23.56,807.48,23.6,6.99,10-Mar-03
1.06,22.95,800.73,23.35,6.6,11-Mar-03
1.07,22.8,804.19,23.8,7.08,12-Mar-03
1.1,23.39,831.9,25.21,7.13,13-Mar-03
1.1,24.67,833.27,25.65,6.76,14-Mar-03
1.12,24.86,862.79,26.27,7.19,17-Mar-03
1.12,25.93,866.45,26.4,7.55,18-Mar-03
1.13,26.04,874.02,26.98,7.63,19-Mar-03
1.14,26.32,875.67,26.85,7.5,20-Mar-03
1.16,26.25,895.79,28,8.02,21-Mar-03
1.15,26.57,864.23,26.73,7.56,24-Mar-03
1.15,25.29,874.74,26.98,7.63,25-Mar-03
1.15,25.49,869.95,26.6,7.65,26-Mar-03
1.13,25.25,868.52,26.44,7.58,27-Mar-03
1.11,25.04,863.5,26.03,7.41,28-Mar-03
1.09,24.67,848.18,25.5,7.52,31-Mar-03
1.1,24.21,858.48,26.13,7.48,1-Apr-03
1.1,24.35,880.9,27.05,7.75,2-Apr-03
1.09,25.72,876.45,27.55,7.88,3-Apr-03
